date,triple_risk_hours,dual_risk_hours,high_tide_hours,fog_hours,night_hours,avg_tide_cm,min_vis_m,total_hours,risk_score,risk_level,month,season
2023-03-01,0,0,0,0,10,347.7083333333333,1144.0,24,0.0,정상,3,봄
2023-03-02,0,0,0,0,10,340.8333333333333,4271.0,24,0.0,정상,3,봄
2023-03-03,0,0,3,0,10,350.9583333333333,2439.0,24,0.0026,정상,3,봄
2023-03-04,0,0,4,2,10,355.5416666666667,717.0,24,0.0069,정상,3,봄
2023-03-05,2,4,6,8,10,354.4583333333333,336.0,24,0.9358,위험,3,봄
2023-03-06,0,4,7,5,10,350.5,662.0,24,0.4314,위험,3,봄
2023-03-07,0,4,8,0,10,357.8333333333333,1782.0,24,0.4236,위험,3,봄
2023-03-08,0,3,7,0,10,365.25,2950.0,24,0.3186,경계,3,봄
2023-03-09,0,11,8,13,10,367.2916666666667,12.0,24,1.0,위험,3,봄
2023-03-10,3,7,9,10,10,369.0416666666667,10.0,24,1.0,위험,3,봄
2023-03-11,0,7,8,7,10,374.0833333333333,458.0,24,0.7483,위험,3,봄
2023-03-12,2,9,8,13,10,354.0416666666667,222.0,24,1.0,위험,3,봄
2023-03-13,0,2,8,0,10,348.5833333333333,4732.0,24,0.2153,경계,3,봄
2023-03-14,0,1,7,0,10,377.25,3771.0,24,0.1102,주의,3,봄
2023-03-15,0,0,4,0,10,363.75,1461.0,24,0.0035,정상,3,봄
2023-03-16,0,0,0,0,10,337.8333333333333,2739.0,24,0.0,정상,3,봄
2023-03-17,0,0,2,0,10,353.4166666666667,1486.0,24,0.0017,정상,3,봄
2023-03-18,0,0,3,0,10,348.7083333333333,1069.0,24,0.0026,정상,3,봄
2023-03-19,0,10,5,19,10,343.5,373.0,24,1.0,위험,3,봄
2023-03-20,3,14,8,23,10,356.7083333333333,14.0,24,1.0,위험,3,봄
2023-03-21,4,6,9,8,10,367.9583333333333,413.0,24,1.0,위험,3,봄
2023-03-22,0,8,9,4,10,375.75,603.0,24,0.8481,위험,3,봄
2023-03-23,4,12,9,21,10,371.8333333333333,41.0,24,1.0,위험,3,봄
2023-03-24,1,6,9,5,10,363.4166666666667,709.0,24,0.8915,위험,3,봄
2023-03-25,0,2,8,0,10,377.5416666666667,1325.0,24,0.2153,경계,3,봄
2023-03-26,0,2,8,0,10,366.0833333333333,1297.0,24,0.2153,경계,3,봄
2023-03-27,0,2,7,0,10,356.9583333333333,1876.0,24,0.2144,경계,3,봄
2023-03-28,0,7,4,7,10,361.6666666666667,503.0,24,0.7448,위험,3,봄
2023-03-29,0,8,3,10,10,358.0416666666667,182.0,24,0.8533,위험,3,봄
2023-03-30,0,6,0,9,10,359.2083333333333,268.0,24,0.6406,위험,3,봄
2023-03-31,0,0,0,0,10,357.0416666666667,1072.0,24,0.0,정상,3,봄
2023-04-01,0,9,3,14,10,363.0833333333333,439.0,24,0.9644,위험,4,봄
2023-04-02,0,5,4,5,10,370.875,363.0,24,0.533,위험,4,봄
2023-04-03,0,3,7,0,10,374.9583333333333,1300.0,24,0.3186,경계,4,봄
2023-04-04,0,8,8,6,10,370.1666666666667,459.0,24,0.8507,위험,4,봄
2023-04-05,4,8,8,17,10,375.625,231.0,24,1.0,위험,4,봄
2023-04-06,4,13,8,23,10,359.7083333333333,44.0,24,1.0,위험,4,봄
2023-04-07,4,9,9,17,10,366.75,126.0,24,1.0,위험,4,봄
2023-04-08,0,3,8,0,10,359.3333333333333,1418.0,24,0.3194,경계,4,봄
2023-04-09,0,6,8,3,10,365.8333333333333,816.0,24,0.6372,위험,4,봄
2023-04-10,0,2,8,0,10,373.2083333333333,3509.0,24,0.2153,경계,4,봄
2023-04-11,0,8,8,6,10,377.8333333333333,481.0,24,0.8507,위험,4,봄
2023-04-12,1,6,6,7,10,361.7916666666667,757.0,24,0.8924,위험,4,봄
2023-04-13,0,0,4,0,10,366.4166666666667,1227.0,24,0.0035,정상,4,봄
2023-04-14,0,0,4,0,10,367.25,2256.0,24,0.0035,정상,4,봄
2023-04-15,0,4,4,7,10,366.75,227.0,24,0.4323,위험,4,봄
2023-04-16,0,7,4,10,10,358.125,333.0,24,0.75,위험,4,봄
2023-04-17,0,5,7,4,10,364.5833333333333,420.0,24,0.5339,위험,4,봄
2023-04-18,0,10,9,9,10,370.375,103.0,24,1.0,위험,4,봄
2023-04-19,4,10,9,11,10,362.3333333333333,28.0,24,1.0,위험,4,봄
2023-04-20,5,8,9,10,10,372.2916666666667,22.0,24,1.0,위험,4,봄
2023-04-21,4,7,9,8,10,368.2916666666667,29.0,24,1.0,위험,4,봄
2023-04-22,0,3,9,0,10,388.75,1218.0,24,0.3203,경계,4,봄
2023-04-23,0,3,8,0,10,384.3333333333333,1589.0,24,0.3194,경계,4,봄
2023-04-24,0,2,8,0,10,376.4583333333333,1882.0,24,0.2153,경계,4,봄
2023-04-25,0,2,6,1,10,375.0416666666667,610.0,24,0.2153,경계,4,봄
2023-04-26,1,6,5,6,10,371.125,86.0,24,0.8898,위험,4,봄
2023-04-27,0,5,3,6,10,370.1666666666667,117.0,24,0.5339,위험,4,봄
2023-04-28,0,0,2,0,10,371.9583333333333,1054.0,24,0.0017,정상,4,봄
2023-04-29,0,1,1,8,10,368.25,495.0,24,0.1189,주의,4,봄
2023-04-30,0,0,2,0,10,363.9583333333333,2031.0,24,0.0017,정상,4,봄
2023-05-01,0,3,3,6,10,363.5,249.0,24,0.3255,경계,5,봄
2023-05-02,0,2,6,0,10,364.25,1099.0,24,0.2135,경계,5,봄
2023-05-03,0,3,6,0,10,360.9166666666667,3163.0,24,0.3177,경계,5,봄
2023-05-04,0,4,8,0,10,367.25,3831.0,24,0.4236,위험,5,봄
2023-05-05,0,14,10,16,10,382.4166666666667,93.0,24,1.0,위험,5,봄
2023-05-06,3,7,8,15,10,378.25,251.0,24,1.0,위험,5,봄
2023-05-07,3,6,9,5,10,401.25,367.0,24,1.0,위험,5,봄
2023-05-08,3,3,9,3,10,386.4583333333333,436.0,24,1.0,위험,5,봄
2023-05-09,2,5,7,6,10,372.6666666666667,511.0,24,1.0,위험,5,봄
2023-05-10,0,7,8,5,10,379.2083333333333,527.0,24,0.7448,위험,5,봄
2023-05-11,1,7,8,6,10,385.25,309.0,24,0.9965,위험,5,봄
2023-05-12,0,3,6,2,10,379.2083333333333,962.0,24,0.3212,경계,5,봄
2023-05-13,0,7,4,9,10,374.75,322.0,24,0.7483,위험,5,봄
2023-05-14,0,3,5,4,10,370.7916666666667,504.0,24,0.3238,경계,5,봄
2023-05-15,1,6,7,5,10,373.1666666666667,397.0,24,0.8898,위험,5,봄
2023-05-16,0,4,7,1,10,372.5,849.0,24,0.4245,위험,5,봄
2023-05-17,0,4,8,0,10,374.75,1432.0,24,0.4236,위험,5,봄
2023-05-18,1,6,9,2,10,381.125,492.0,24,0.8863,위험,5,봄
2023-05-19,0,5,9,0,10,385.9583333333333,1869.0,24,0.5286,위험,5,봄
2023-05-20,2,7,9,10,10,389.7916666666667,287.0,24,1.0,위험,5,봄
2023-05-21,4,7,8,7,10,382.125,75.0,24,1.0,위험,5,봄
2023-05-22,2,8,8,12,10,386.3333333333333,227.0,24,1.0,위험,5,봄
2023-05-23,3,6,8,7,10,391.0833333333333,430.0,24,1.0,위험,5,봄
2023-05-24,0,2,8,0,10,385.9166666666667,1075.0,24,0.2153,경계,5,봄
2023-05-25,0,1,6,0,10,383.1666666666667,1143.0,24,0.1094,주의,5,봄
2023-05-26,0,0,4,0,10,376.7083333333333,2717.0,24,0.0035,정상,5,봄
2023-05-27,0,2,3,3,10,377.9583333333333,903.0,24,0.2161,경계,5,봄
2023-05-28,0,9,3,13,10,378.5,91.0,24,0.9627,위험,5,봄
2023-05-29,0,10,2,16,10,373.9166666666667,97.0,24,1.0,위험,5,봄
2023-05-30,1,5,4,7,10,377.4166666666667,248.0,24,0.7865,위험,5,봄
2023-05-31,2,4,6,4,10,381.625,202.0,24,0.9288,위험,5,봄
2023-06-01,3,6,7,8,10,373.0416666666667,466.0,24,1.0,위험,6,여름
2023-06-02,3,6,8,4,10,373.5833333333333,229.0,24,1.0,위험,6,여름
2023-06-03,4,5,8,8,10,372.9583333333333,266.0,24,1.0,위험,6,여름
2023-06-04,0,5,8,0,10,379.7083333333333,1260.0,24,0.5278,위험,6,여름
2023-06-05,2,7,8,7,10,387.125,297.0,24,1.0,위험,6,여름
2023-06-06,2,4,10,2,10,394.9166666666667,713.0,24,0.9288,위험,6,여름
2023-06-07,3,6,10,9,10,397.8333333333333,143.0,24,1.0,위험,6,여름
2023-06-08,0,2,8,0,10,403.5416666666667,1722.0,24,0.2153,경계,6,여름
2023-06-09,1,8,8,7,10,395.4166666666667,374.0,24,1.0,위험,6,여름
2023-06-10,0,4,8,2,10,398.7083333333333,826.0,24,0.4271,위험,6,여름
2023-06-11,0,3,8,0,10,386.7916666666667,1437.0,24,0.3194,경계,6,여름
2023-06-12,0,8,7,7,10,375.0833333333333,327.0,24,0.8516,위험,6,여름
2023-06-13,0,3,7,0,10,374.4583333333333,1251.0,24,0.3186,경계,6,여름
2023-06-14,1,8,6,7,10,375.6666666666667,473.0,24,1.0,위험,6,여름
2023-06-15,2,6,7,7,10,374.7083333333333,405.0,24,1.0,위험,6,여름
2023-06-16,2,6,8,8,10,373.9583333333333,178.0,24,1.0,위험,6,여름
2023-06-17,0,5,8,1,10,377.0,941.0,24,0.5295,위험,6,여름
2023-06-18,0,5,8,0,10,385.1666666666667,1279.0,24,0.5278,위험,6,여름
2023-06-19,4,5,8,6,10,395.7916666666667,358.0,24,1.0,위험,6,여름
2023-06-20,0,7,10,4,10,406.0416666666667,355.0,24,0.7448,위험,6,여름
2023-06-21,2,6,8,7,10,399.2083333333333,214.0,24,1.0,위험,6,여름
2023-06-22,0,3,8,1,10,395.625,977.0,24,0.3212,경계,6,여름
2023-06-23,2,12,8,13,10,395.875,356.0,24,1.0,위험,6,여름
2023-06-24,1,10,8,9,10,396.0,372.0,24,1.0,위험,6,여름
2023-06-25,0,7,6,6,10,388.8333333333333,379.0,24,0.7448,위험,6,여름
2023-06-26,0,8,7,6,10,389.0,93.0,24,0.8498,위험,6,여름
2023-06-27,1,9,6,8,10,381.8333333333333,574.0,24,1.0,위험,6,여름
2023-06-28,2,9,5,9,10,379.125,230.0,24,1.0,위험,6,여름
2023-06-29,2,10,5,12,10,385.125,74.0,24,1.0,위험,6,여름
2023-06-30,1,12,7,15,10,381.2916666666667,185.0,24,1.0,위험,6,여름
2023-07-01,3,9,7,10,10,383.3333333333333,494.0,24,1.0,위험,7,여름
2023-07-02,3,6,8,5,10,383.0,368.0,24,1.0,위험,7,여름
2023-07-03,2,5,8,5,10,386.9583333333333,499.0,24,1.0,위험,7,여름
2023-07-04,2,7,9,12,10,400.3333333333333,53.0,24,1.0,위험,7,여름
2023-07-05,4,8,10,8,10,406.875,42.0,24,1.0,위험,7,여름
2023-07-06,0,6,10,3,10,409.1666666666667,707.0,24,0.6389,위험,7,여름
2023-07-07,2,11,9,16,10,407.25,136.0,24,1.0,위험,7,여름
2023-07-08,1,11,8,12,10,398.7083333333333,160.0,24,1.0,위험,7,여름
2023-07-09,2,5,9,5,10,395.1666666666667,313.0,24,1.0,위험,7,여름
2023-07-10,0,8,7,5,10,390.0833333333333,313.0,24,0.8481,위험,7,여름
2023-07-11,3,8,7,13,10,385.8333333333333,250.0,24,1.0,위험,7,여름
2023-07-12,2,11,6,13,10,381.8333333333333,182.0,24,1.0,위험,7,여름
2023-07-13,2,10,5,16,10,388.375,192.0,24,1.0,위험,7,여름
2023-07-14,3,12,7,22,10,405.0,37.0,24,1.0,위험,7,여름
2023-07-15,2,9,8,11,10,407.625,207.0,24,1.0,위험,7,여름
2023-07-16,1,6,9,3,10,405.6666666666667,793.0,24,0.888,위험,7,여름
2023-07-17,1,5,8,3,10,403.0416666666667,456.0,24,0.783,위험,7,여름
2023-07-18,0,7,8,12,10,398.7083333333333,206.0,24,0.7569,위험,7,여름
2023-07-19,0,5,9,1,10,400.25,874.0,24,0.5304,위험,7,여름
2023-07-20,3,8,9,14,10,405.7916666666667,17.0,24,1.0,위험,7,여름
2023-07-21,3,8,9,12,10,406.5416666666667,164.0,24,1.0,위험,7,여름
2023-07-22,0,3,8,4,10,405.625,462.0,24,0.3264,경계,7,여름
2023-07-23,1,4,9,9,10,404.875,196.0,24,0.6901,위험,7,여름
2023-07-24,1,6,9,4,10,397.2083333333333,573.0,24,0.8898,위험,7,여름
2023-07-25,0,3,7,2,10,397.6666666666667,194.0,24,0.322,경계,7,여름
2023-07-26,1,3,7,1,10,390.9166666666667,370.0,24,0.5703,위험,7,여름
2023-07-27,0,7,6,5,10,383.75,686.0,24,0.7431,위험,7,여름
2023-07-28,0,4,4,3,10,381.4166666666667,617.0,24,0.4253,위험,7,여름
2023-07-29,0,3,5,0,10,378.5,1225.0,24,0.3168,경계,7,여름
2023-07-30,0,7,6,4,10,378.3333333333333,74.0,24,0.7413,위험,7,여름
2023-07-31,5,8,8,11,10,380.0,250.0,24,1.0,위험,7,여름
2023-08-01,3,8,9,6,10,389.375,801.0,24,1.0,위험,8,여름
2023-08-02,5,7,10,12,10,398.625,225.0,24,1.0,위험,8,여름
2023-08-03,0,6,10,2,10,406.4583333333333,491.0,24,0.6372,위험,8,여름
2023-08-04,0,3,9,0,10,408.5416666666667,2202.0,24,0.3203,경계,8,여름
2023-08-05,0,3,10,0,10,408.875,1028.0,24,0.3212,경계,8,여름
2023-08-06,0,4,11,0,10,403.75,2382.0,24,0.4262,위험,8,여름
2023-08-07,1,3,9,1,10,403.4166666666667,985.0,24,0.572,위험,8,여름
2023-08-08,0,3,8,0,10,405.5416666666667,1123.0,24,0.3194,경계,8,여름
2023-08-09,1,4,8,1,10,404.7083333333333,675.0,24,0.6753,위험,8,여름
2023-08-10,0,8,6,12,10,392.2916666666667,223.0,24,0.8594,위험,8,여름
2023-08-11,0,2,2,0,10,393.5416666666667,1319.0,24,0.2101,경계,8,여름
2023-08-12,0,8,4,6,10,403.5416666666667,233.0,24,0.8472,위험,8,여름
2023-08-13,5,6,7,9,10,400.0416666666667,275.0,24,1.0,위험,8,여름
2023-08-14,3,6,8,6,10,400.2083333333333,477.0,24,1.0,위험,8,여름
2023-08-15,3,5,8,5,10,403.7916666666667,612.0,24,1.0,위험,8,여름
2023-08-16,2,6,10,4,10,403.9583333333333,569.0,24,1.0,위험,8,여름
2023-08-17,3,5,10,6,10,407.2916666666667,219.0,24,1.0,위험,8,여름
2023-08-18,1,6,10,3,10,405.9583333333333,538.0,24,0.8889,위험,8,여름
2023-08-19,1,5,10,4,10,400.625,424.0,24,0.7865,위험,8,여름
2023-08-20,1,3,8,2,10,397.4583333333333,790.0,24,0.5729,위험,8,여름
2023-08-21,1,4,10,2,10,401.9166666666667,960.0,24,0.6788,위험,8,여름
2023-08-22,0,3,9,1,10,404.125,357.0,24,0.322,경계,8,여름
2023-08-23,0,8,8,5,10,398.7916666666667,289.0,24,0.849,위험,8,여름
2023-08-24,0,11,8,8,10,396.9166666666667,367.0,24,1.0,위험,8,여름
2023-08-25,0,4,7,0,10,392.625,1307.0,24,0.4227,위험,8,여름
2023-08-26,0,8,3,9,10,387.6666666666667,34.0,24,0.8516,위험,8,여름
2023-08-27,2,6,3,8,10,387.3333333333333,367.0,24,1.0,위험,8,여름
2023-08-28,0,4,6,1,10,394.7916666666667,726.0,24,0.4236,위험,8,여름
2023-08-29,0,5,9,1,10,395.4583333333333,675.0,24,0.5304,위험,8,여름
2023-08-30,2,10,10,12,10,388.875,162.0,24,1.0,위험,8,여름
2023-08-31,4,7,10,9,10,400.5416666666667,680.0,24,1.0,위험,8,여름
2023-09-01,1,5,10,2,10,403.2916666666667,914.0,24,0.783,위험,9,가을
2023-09-02,0,3,10,0,10,405.875,1419.0,24,0.3212,경계,9,가을
2023-09-03,0,5,10,1,10,406.375,910.0,24,0.5312,위험,9,가을
2023-09-04,0,3,10,0,10,405.7916666666667,1306.0,24,0.3212,경계,9,가을
2023-09-05,0,3,9,0,10,402.1666666666667,1289.0,24,0.3203,경계,9,가을
2023-09-06,0,4,9,0,10,397.2916666666667,1288.0,24,0.4245,위험,9,가을
2023-09-07,0,3,7,0,10,398.875,3288.0,24,0.3186,경계,9,가을
2023-09-08,0,3,4,0,10,394.375,1945.0,24,0.316,경계,9,가을
2023-09-09,0,3,1,4,10,386.375,706.0,24,0.3203,경계,9,가을
2023-09-10,0,6,3,6,10,392.1666666666667,489.0,24,0.638,위험,9,가을
2023-09-11,0,4,6,1,10,395.75,974.0,24,0.4236,위험,9,가을
2023-09-12,0,5,8,2,10,395.2916666666667,972.0,24,0.5312,위험,9,가을
2023-09-13,3,11,9,15,10,396.8333333333333,166.0,24,1.0,위험,9,가을
2023-09-14,3,5,9,3,10,399.2916666666667,730.0,24,1.0,위험,9,가을
2023-09-15,1,8,9,9,10,402.0,363.0,24,1.0,위험,9,가을
2023-09-16,3,8,10,8,10,398.875,26.0,24,1.0,위험,9,가을
2023-09-17,3,6,8,8,10,402.0,483.0,24,1.0,위험,9,가을
2023-09-18,3,5,10,6,10,402.4583333333333,35.0,24,1.0,위험,9,가을
2023-09-19,3,8,10,9,10,400.2083333333333,26.0,24,1.0,위험,9,가을
2023-09-20,2,11,9,18,10,398.5833333333333,121.0,24,1.0,위험,9,가을
2023-09-21,0,4,8,1,10,387.2916666666667,673.0,24,0.4253,위험,9,가을
2023-09-22,0,10,8,7,10,400.375,371.0,24,1.0,위험,9,가을
2023-09-23,0,4,7,0,10,391.5833333333333,1188.0,24,0.4227,위험,9,가을
2023-09-24,0,3,3,0,10,395.875,5000.0,24,0.3151,경계,9,가을
2023-09-25,1,5,3,3,10,382.7916666666667,499.0,24,0.7786,위험,9,가을
2023-09-26,0,6,6,7,10,383.7916666666667,285.0,24,0.6424,위험,9,가을
2023-09-27,1,5,9,1,10,387.0,357.0,24,0.7804,위험,9,가을
2023-09-28,1,11,9,14,10,388.2083333333333,304.0,24,1.0,위험,9,가을
2023-09-29,5,7,10,14,10,394.9166666666667,20.0,24,1.0,위험,9,가을
2023-09-30,1,5,10,1,10,400.9166666666667,933.0,24,0.7812,위험,9,가을
2023-10-01,0,5,9,1,10,392.0,704.0,24,0.5304,위험,10,가을
2023-10-02,0,3,9,0,10,397.4166666666667,2329.0,24,0.3203,경계,10,가을
2023-10-03,0,3,9,0,10,397.0,2913.0,24,0.3203,경계,10,가을
2023-10-04,1,6,9,4,10,396.9166666666667,511.0,24,0.8898,위험,10,가을
2023-10-05,0,2,6,0,10,367.2916666666667,5000.0,24,0.2135,경계,10,가을
2023-10-06,0,3,6,0,10,377.875,2983.0,24,0.3177,경계,10,가을
2023-10-07,0,3,3,0,10,387.0416666666667,1510.0,24,0.3151,경계,10,가을
2023-10-08,0,2,2,0,10,388.75,3614.0,24,0.2101,경계,10,가을
2023-10-09,0,1,1,0,10,376.125,2793.0,24,0.105,주의,10,가을
2023-10-10,0,3,3,1,10,364.7083333333333,877.0,24,0.3168,경계,10,가을
2023-10-11,2,6,7,6,10,381.375,343.0,24,1.0,위험,10,가을
2023-10-12,0,5,9,0,10,378.4166666666667,2745.0,24,0.5286,위험,10,가을
2023-10-13,0,4,8,0,10,377.7083333333333,1033.0,24,0.4236,위험,10,가을
2023-10-14,5,6,10,9,10,384.75,260.0,24,1.0,위험,10,가을
2023-10-15,3,5,9,7,10,386.125,433.0,24,1.0,위험,10,가을
2023-10-16,0,6,9,2,10,387.375,816.0,24,0.6363,위험,10,가을
2023-10-17,0,3,9,0,10,385.875,1577.0,24,0.3203,경계,10,가을
2023-10-18,3,4,9,6,10,394.2916666666667,589.0,24,1.0,위험,10,가을
2023-10-19,0,9,9,7,10,389.2916666666667,67.0,24,0.9575,위험,10,가을
2023-10-20,0,3,7,1,10,376.3333333333333,928.0,24,0.3203,경계,10,가을
2023-10-21,0,2,6,1,10,376.4166666666667,208.0,24,0.2153,경계,10,가을
2023-10-22,0,3,4,0,10,372.5,2881.0,24,0.316,경계,10,가을
2023-10-23,2,4,3,6,10,368.7083333333333,541.0,24,0.9297,위험,10,가을
2023-10-24,1,8,3,9,10,369.1666666666667,163.0,24,1.0,위험,10,가을
2023-10-25,4,9,6,14,10,364.7916666666667,278.0,24,1.0,위험,10,가을
2023-10-26,4,10,8,18,10,370.4166666666667,15.0,24,1.0,위험,10,가을
2023-10-27,2,4,9,2,10,363.6666666666667,541.0,24,0.928,위험,10,가을
2023-10-28,4,6,9,9,10,380.4166666666667,316.0,24,1.0,위험,10,가을
2023-10-29,1,7,10,3,10,384.75,594.0,24,0.9931,위험,10,가을
2023-10-30,4,10,9,14,10,385.7916666666667,162.0,24,1.0,위험,10,가을
2023-10-31,3,10,9,16,10,384.625,17.0,24,1.0,위험,10,가을
2023-11-01,0,4,9,1,10,387.1666666666667,806.0,24,0.4262,위험,11,가을
2023-11-02,0,4,9,2,10,387.25,761.0,24,0.428,위험,11,가을
2023-11-03,1,5,8,3,10,387.125,649.0,24,0.783,위험,11,가을
2023-11-04,0,12,6,16,10,379.8333333333333,167.0,24,1.0,위험,11,가을
2023-11-05,0,4,4,3,10,389.2083333333333,330.0,24,0.4253,위험,11,가을
2023-11-06,0,1,0,2,10,384.375,478.0,24,0.1076,주의,11,가을
2023-11-07,0,2,1,1,10,356.2916666666667,561.0,24,0.2109,경계,11,가을
2023-11-08,0,2,4,0,10,384.375,3559.0,24,0.2118,경계,11,가을
2023-11-09,0,7,6,6,10,373.0,170.0,24,0.7448,위험,11,가을
2023-11-10,2,3,5,2,10,331.0833333333333,641.0,24,0.8203,위험,11,가을
2023-11-11,0,3,7,0,10,359.875,3962.0,24,0.3186,경계,11,가을
2023-11-12,0,4,8,0,10,358.2916666666667,2466.0,24,0.4236,위험,11,가을
2023-11-13,0,3,7,0,10,350.75,3604.0,24,0.3186,경계,11,가을
2023-11-14,0,4,9,0,10,369.0833333333333,2599.0,24,0.4245,위험,11,가을
2023-11-15,0,4,8,4,10,377.0416666666667,631.0,24,0.4306,위험,11,가을
2023-11-16,3,15,9,21,10,377.25,139.0,24,1.0,위험,11,가을
2023-11-17,0,6,8,6,10,363.4583333333333,154.0,24,0.6424,위험,11,가을
2023-11-18,0,4,5,2,10,347.8333333333333,217.0,24,0.4245,위험,11,가을
2023-11-19,1,2,6,1,10,374.25,818.0,24,0.4653,위험,11,가을
2023-11-20,0,3,4,0,10,358.7083333333333,1657.0,24,0.316,경계,11,가을
2023-11-21,2,8,3,10,10,361.5416666666667,397.0,24,1.0,위험,11,가을
2023-11-22,0,7,4,9,10,358.9166666666667,191.0,24,0.7483,위험,11,가을
2023-11-23,0,7,6,13,10,357.0416666666667,244.0,24,0.7569,위험,11,가을
2023-11-24,0,2,5,0,10,332.6666666666667,3935.0,24,0.2127,경계,11,가을
2023-11-25,0,3,7,0,10,351.5416666666667,3719.0,24,0.3186,경계,11,가을
2023-11-26,0,5,8,1,10,359.25,859.0,24,0.5295,위험,11,가을
2023-11-27,4,6,9,6,10,367.25,446.0,24,1.0,위험,11,가을
2023-11-28,0,3,8,0,10,359.9166666666667,1337.0,24,0.3194,경계,11,가을
2023-11-29,0,3,8,0,10,374.6666666666667,1101.0,24,0.3194,경계,11,가을
2023-11-30,0,3,7,1,10,350.75,809.0,24,0.3203,경계,11,가을
2023-12-01,0,4,7,2,10,346.4583333333333,274.0,24,0.4262,위험,12,겨울
2023-12-02,0,2,6,0,10,367.5416666666667,1455.0,24,0.2135,경계,12,겨울
2023-12-03,0,1,4,0,10,354.8333333333333,1334.0,24,0.1076,주의,12,겨울
2023-12-04,0,2,3,3,10,361.375,674.0,24,0.2161,경계,12,겨울
2023-12-05,0,3,3,0,10,362.5833333333333,1025.0,24,0.3151,경계,12,겨울
2023-12-06,0,8,0,22,10,368.0833333333333,223.0,24,0.8715,위험,12,겨울
2023-12-07,0,1,1,0,10,352.5833333333333,2355.0,24,0.105,주의,12,겨울
2023-12-08,0,2,5,0,10,379.7916666666667,1904.0,24,0.2127,경계,12,겨울
2023-12-09,0,7,5,5,10,358.2916666666667,15.0,24,0.7422,위험,12,겨울
2023-12-10,3,9,7,19,10,358.75,23.0,24,1.0,위험,12,겨울
2023-12-11,2,10,8,13,10,371.75,195.0,24,1.0,위험,12,겨울
2023-12-12,0,3,7,2,10,351.0416666666667,506.0,24,0.322,경계,12,겨울
2023-12-13,0,3,8,0,10,375.9166666666667,1107.0,24,0.3194,경계,12,겨울
2023-12-14,0,11,9,7,10,380.375,292.0,24,1.0,위험,12,겨울
2023-12-15,3,8,8,13,10,375.5416666666667,100.0,24,1.0,위험,12,겨울
2023-12-16,1,5,7,5,10,358.5416666666667,244.0,24,0.7856,위험,12,겨울
2023-12-17,0,3,6,1,10,349.375,496.0,24,0.3194,경계,12,겨울
2023-12-18,0,3,8,0,10,369.5833333333333,3272.0,24,0.3194,경계,12,겨울
2023-12-19,1,3,6,1,10,359.9583333333333,320.0,24,0.5694,위험,12,겨울
2023-12-20,2,12,5,16,10,334.5,128.0,24,1.0,위험,12,겨울
2023-12-21,2,9,3,14,10,328.9583333333333,84.0,24,1.0,위험,12,겨울
2023-12-22,0,4,4,3,10,339.5833333333333,193.0,24,0.4253,위험,12,겨울
2023-12-23,0,1,5,0,10,351.5416666666667,1815.0,24,0.1085,주의,12,겨울
2023-12-24,0,11,6,17,10,349.6666666666667,124.0,24,1.0,위험,12,겨울
2023-12-25,2,10,6,18,10,354.0833333333333,213.0,24,1.0,위험,12,겨울
2023-12-26,3,8,8,9,10,363.2083333333333,511.0,24,1.0,위험,12,겨울
2023-12-27,3,11,8,16,10,367.125,276.0,24,1.0,위험,12,겨울
2023-12-28,3,13,8,22,10,365.6666666666667,7.0,24,1.0,위험,12,겨울
2023-12-29,3,15,8,24,10,363.8333333333333,196.0,24,1.0,위험,12,겨울
2023-12-30,2,15,7,24,10,372.9166666666667,137.0,24,1.0,위험,12,겨울
2023-12-31,2,7,7,7,10,360.2083333333333,42.0,24,1.0,위험,12,겨울
2024-03-01,0,1,6,0,10,347.6666666666667,2316.0,24,0.1094,주의,3,봄
2024-03-02,0,1,6,0,10,367.9583333333333,2744.0,24,0.1094,주의,3,봄
2024-03-03,1,11,6,20,10,374.0,251.0,24,1.0,위험,3,봄
2024-03-04,0,12,3,21,10,374.3333333333333,15.0,24,1.0,위험,3,봄
2024-03-05,0,3,3,5,10,382.4583333333333,613.0,24,0.3238,경계,3,봄
2024-03-06,0,0,4,0,10,375.875,2161.0,24,0.0035,정상,3,봄
2024-03-07,0,0,4,0,10,359.7916666666667,1950.0,24,0.0035,정상,3,봄
2024-03-08,0,4,7,2,10,354.7083333333333,438.0,24,0.4262,위험,3,봄
2024-03-09,0,3,8,0,10,355.5,3260.0,24,0.3194,경계,3,봄
2024-03-10,0,3,7,0,10,366.7916666666667,1356.0,24,0.3186,경계,3,봄
2024-03-11,0,4,9,0,10,371.9166666666667,1496.0,24,0.4245,위험,3,봄
2024-03-12,0,3,9,0,10,369.7083333333333,1378.0,24,0.3203,경계,3,봄
2024-03-13,0,3,9,0,10,369.2083333333333,1458.0,24,0.3203,경계,3,봄
2024-03-14,1,6,10,4,10,371.9583333333333,549.0,24,0.8906,위험,3,봄
2024-03-15,1,13,8,12,10,367.0416666666667,217.0,24,1.0,위험,3,봄
2024-03-16,0,10,7,9,10,368.8333333333333,9.0,24,1.0,위험,3,봄
2024-03-17,0,1,3,3,10,356.125,414.0,24,0.112,주의,3,봄
2024-03-18,0,0,2,0,10,363.5833333333333,3044.0,24,0.0017,정상,3,봄
2024-03-19,0,0,3,0,10,366.5416666666667,1131.0,24,0.0026,정상,3,봄
2024-03-20,0,0,1,0,10,341.75,2339.0,24,0.0009,정상,3,봄
2024-03-21,0,0,4,0,10,365.125,1842.0,24,0.0035,정상,3,봄
2024-03-22,0,3,7,0,10,386.5833333333333,2417.0,24,0.3186,경계,3,봄
2024-03-23,0,5,8,5,10,365.7083333333333,438.0,24,0.5365,위험,3,봄
2024-03-24,0,3,7,0,10,380.9583333333333,2159.0,24,0.3186,경계,3,봄
2024-03-25,0,5,8,3,10,385.875,478.0,24,0.533,위험,3,봄
2024-03-26,4,7,9,8,10,371.5,661.0,24,1.0,위험,3,봄
2024-03-27,3,11,8,16,10,376.1666666666667,52.0,24,1.0,위험,3,봄
2024-03-28,1,8,9,12,10,383.1666666666667,332.0,24,1.0,위험,3,봄
2024-03-29,0,13,8,14,10,378.8333333333333,290.0,24,1.0,위험,3,봄
2024-03-30,2,12,9,12,10,380.4583333333333,21.0,24,1.0,위험,3,봄
2024-03-31,0,5,8,3,10,376.0833333333333,550.0,24,0.533,위험,3,봄
2024-04-01,0,0,5,0,10,374.9583333333333,1580.0,24,0.0043,정상,4,봄
2024-04-02,0,1,4,1,10,380.0,952.0,24,0.1094,주의,4,봄
2024-04-03,0,4,3,9,10,376.5833333333333,427.0,24,0.4349,위험,4,봄
2024-04-04,0,7,4,10,10,371.1666666666667,56.0,24,0.75,위험,4,봄
2024-04-05,0,1,4,1,10,364.5416666666667,836.0,24,0.1094,주의,4,봄
2024-04-06,0,5,7,5,10,350.7916666666667,541.0,24,0.5356,위험,4,봄
2024-04-07,0,3,7,0,10,352.9166666666667,1684.0,24,0.3186,경계,4,봄
2024-04-08,0,4,9,0,10,362.5416666666667,1420.0,24,0.4245,위험,4,봄
2024-04-09,3,4,8,7,10,368.0,244.0,24,1.0,위험,4,봄
2024-04-10,0,4,9,0,10,372.4583333333333,1027.0,24,0.4245,위험,4,봄
2024-04-11,0,3,9,0,10,369.125,2116.0,24,0.3203,경계,4,봄
2024-04-12,2,4,8,4,10,372.375,469.0,24,0.9306,위험,4,봄
2024-04-13,2,4,8,4,10,374.7916666666667,590.0,24,0.9306,위험,4,봄
2024-04-14,0,2,8,0,10,378.8333333333333,1386.0,24,0.2153,경계,4,봄
2024-04-15,0,3,5,8,10,385.3333333333333,315.0,24,0.3307,경계,4,봄
2024-04-16,0,11,3,18,10,369.625,61.0,24,1.0,위험,4,봄
2024-04-17,0,6,2,10,10,367.625,259.0,24,0.6441,위험,4,봄
2024-04-18,0,0,3,0,10,368.625,1315.0,24,0.0026,정상,4,봄
2024-04-19,0,0,3,0,10,364.625,1580.0,24,0.0026,정상,4,봄
2024-04-20,0,6,6,6,10,371.7916666666667,390.0,24,0.6406,위험,4,봄
2024-04-21,0,3,7,3,10,369.375,612.0,24,0.3238,경계,4,봄
2024-04-22,0,4,8,0,10,373.375,1175.0,24,0.4236,위험,4,봄
2024-04-23,0,5,9,0,10,381.25,1258.0,24,0.5286,위험,4,봄
2024-04-24,4,6,8,7,10,374.8333333333333,134.0,24,1.0,위험,4,봄
2024-04-25,0,4,8,0,10,369.2916666666667,1028.0,24,0.4236,위험,4,봄
2024-04-26,3,10,8,14,10,380.4166666666667,373.0,24,1.0,위험,4,봄
2024-04-27,3,8,8,9,10,377.9166666666667,200.0,24,1.0,위험,4,봄
2024-04-28,0,2,8,0,10,377.25,1558.0,24,0.2153,경계,4,봄
2024-04-29,0,2,8,1,10,388.0,948.0,24,0.217,경계,4,봄
2024-04-30,1,4,6,5,10,382.2083333333333,482.0,24,0.6806,위험,4,봄
2024-05-01,0,3,4,3,10,380.375,511.0,24,0.3212,경계,5,봄
2024-05-02,0,6,4,8,10,373.0416666666667,502.0,24,0.6424,위험,5,봄
2024-05-03,0,2,3,6,10,351.9583333333333,461.0,24,0.2214,경계,5,봄
2024-05-04,0,6,5,7,10,357.5,486.0,24,0.6415,위험,5,봄
2024-05-05,0,8,8,12,10,373.25,272.0,24,0.8611,위험,5,봄
2024-05-06,1,6,8,5,10,367.8333333333333,557.0,24,0.8906,위험,5,봄
2024-05-07,5,12,9,20,10,368.9583333333333,256.0,24,1.0,위험,5,봄
2024-05-08,0,5,9,0,10,378.4583333333333,1004.0,24,0.5286,위험,5,봄
2024-05-09,1,5,9,2,10,381.0,585.0,24,0.7821,위험,5,봄
2024-05-10,0,4,10,2,10,379.25,847.0,24,0.4288,위험,5,봄
2024-05-11,0,6,8,3,10,391.5416666666667,299.0,24,0.6372,위험,5,봄
2024-05-12,0,5,8,4,10,377.75,576.0,24,0.5347,위험,5,봄
2024-05-13,0,1,7,0,10,380.2083333333333,1219.0,24,0.1102,주의,5,봄
2024-05-14,0,3,4,3,10,379.7083333333333,304.0,24,0.3212,경계,5,봄
2024-05-15,0,0,4,3,10,372.25,666.0,24,0.0087,정상,5,봄
2024-05-16,0,0,2,0,10,358.2083333333333,1037.0,24,0.0017,정상,5,봄
2024-05-17,0,1,3,1,10,377.5416666666667,856.0,24,0.1085,주의,5,봄
2024-05-18,0,0,3,0,10,371.0,4422.0,24,0.0026,정상,5,봄
2024-05-19,0,3,4,2,10,359.1666666666667,619.0,24,0.3194,경계,5,봄
2024-05-20,2,6,6,7,10,361.7916666666667,34.0,24,1.0,위험,5,봄
2024-05-21,4,8,7,12,10,368.75,12.0,24,1.0,위험,5,봄
2024-05-22,4,6,8,11,10,372.125,337.0,24,1.0,위험,5,봄
2024-05-23,5,11,8,19,10,368.5,19.0,24,1.0,위험,5,봄
2024-05-24,4,15,9,24,10,378.75,268.0,24,1.0,위험,5,봄
2024-05-25,4,7,8,14,10,393.5416666666667,274.0,24,1.0,위험,5,봄
2024-05-26,0,8,8,6,10,397.1666666666667,127.0,24,0.8507,위험,5,봄
2024-05-27,2,7,8,7,10,380.7916666666667,314.0,24,1.0,위험,5,봄
2024-05-28,0,2,8,0,10,391.4166666666667,1775.0,24,0.2153,경계,5,봄
2024-05-29,0,2,8,0,10,388.5833333333333,4083.0,24,0.2153,경계,5,봄
2024-05-30,0,2,7,0,10,380.5833333333333,1600.0,24,0.2144,경계,5,봄
2024-05-31,0,2,6,0,10,375.0833333333333,1317.0,24,0.2135,경계,5,봄
2024-06-01,0,9,6,8,10,364.875,385.0,24,0.9566,위험,6,여름
2024-06-02,0,3,6,3,10,364.25,802.0,24,0.3229,경계,6,여름
2024-06-03,0,4,8,0,10,369.5416666666667,1048.0,24,0.4236,위험,6,여름
2024-06-04,3,6,8,5,10,374.4166666666667,320.0,24,1.0,위험,6,여름
2024-06-05,3,6,8,6,10,374.5416666666667,362.0,24,1.0,위험,6,여름
2024-06-06,5,6,8,9,10,377.0833333333333,325.0,24,1.0,위험,6,여름
2024-06-07,2,5,9,4,10,385.9166666666667,403.0,24,1.0,위험,6,여름
2024-06-08,1,4,9,1,10,393.5,812.0,24,0.6762,위험,6,여름
2024-06-09,0,5,8,2,10,395.875,745.0,24,0.5312,위험,6,여름
2024-06-10,2,9,8,9,10,395.75,364.0,24,1.0,위험,6,여름
2024-06-11,0,5,8,3,10,393.625,659.0,24,0.533,위험,6,여름
2024-06-12,1,9,8,8,10,391.1666666666667,12.0,24,1.0,위험,6,여름
2024-06-13,0,2,7,0,10,387.9166666666667,1250.0,24,0.2144,경계,6,여름
2024-06-14,0,2,6,0,10,389.1666666666667,1280.0,24,0.2135,경계,6,여름
2024-06-15,0,1,4,1,10,383.9583333333333,719.0,24,0.1094,주의,6,여름
2024-06-16,0,1,3,0,10,375.0833333333333,1381.0,24,0.1068,주의,6,여름
2024-06-17,0,6,4,9,10,375.0,110.0,24,0.6441,위험,6,여름
2024-06-18,0,5,5,5,10,373.5833333333333,261.0,24,0.5339,위험,6,여름
2024-06-19,3,6,7,8,10,377.5416666666667,226.0,24,1.0,위험,6,여름
2024-06-20,0,5,8,0,10,383.8333333333333,1037.0,24,0.5278,위험,6,여름
2024-06-21,0,5,8,0,10,387.875,2251.0,24,0.5278,위험,6,여름
2024-06-22,1,10,10,9,10,399.3333333333333,241.0,24,1.0,위험,6,여름
2024-06-23,4,7,8,12,10,400.125,149.0,24,1.0,위험,6,여름
2024-06-24,2,6,10,7,10,406.9583333333333,401.0,24,1.0,위험,6,여름
2024-06-25,0,3,10,1,10,398.0833333333333,980.0,24,0.3229,경계,6,여름
2024-06-26,2,8,9,7,10,394.5,203.0,24,1.0,위험,6,여름
2024-06-27,0,2,8,0,10,386.7916666666667,1877.0,24,0.2153,경계,6,여름
2024-06-28,0,3,8,1,10,385.3333333333333,606.0,24,0.3212,경계,6,여름
2024-06-29,0,4,8,6,10,389.5416666666667,160.0,24,0.434,위험,6,여름
2024-06-30,0,8,7,9,10,379.3333333333333,252.0,24,0.855,위험,6,여름
2024-07-01,1,8,7,9,10,377.375,108.0,24,1.0,위험,7,여름
2024-07-02,0,7,7,6,10,394.9583333333333,38.0,24,0.7457,위험,7,여름
2024-07-03,4,7,7,8,10,380.9166666666667,139.0,24,1.0,위험,7,여름
2024-07-04,5,6,8,10,10,379.9583333333333,403.0,24,1.0,위험,7,여름
2024-07-05,0,5,8,0,10,390.5833333333333,1863.0,24,0.5278,위험,7,여름
2024-07-06,0,5,10,0,10,402.9166666666667,1945.0,24,0.5295,위험,7,여름
2024-07-07,1,6,8,6,10,398.75,170.0,24,0.8924,위험,7,여름
2024-07-08,2,11,9,15,10,401.6666666666667,91.0,24,1.0,위험,7,여름
2024-07-09,3,11,10,15,10,403.4166666666667,184.0,24,1.0,위험,7,여름
2024-07-10,2,8,8,10,10,410.2916666666667,12.0,24,1.0,위험,7,여름
2024-07-11,0,2,9,0,10,406.625,1257.0,24,0.2161,경계,7,여름
2024-07-12,1,9,9,7,10,404.5833333333333,408.0,24,1.0,위험,7,여름
2024-07-13,0,11,7,10,10,402.0,290.0,24,1.0,위험,7,여름
2024-07-14,0,9,7,7,10,394.7916666666667,248.0,24,0.9557,위험,7,여름
2024-07-15,0,3,6,0,10,391.875,2380.0,24,0.3177,경계,7,여름
2024-07-16,0,4,4,3,10,391.2916666666667,501.0,24,0.4253,위험,7,여름
2024-07-17,0,4,5,2,10,391.875,243.0,24,0.4245,위험,7,여름
2024-07-18,0,7,6,4,10,398.5,493.0,24,0.7413,위험,7,여름
2024-07-19,0,5,7,0,10,391.9583333333333,1199.0,24,0.5269,위험,7,여름
2024-07-20,1,6,9,3,10,401.125,75.0,24,0.888,위험,7,여름
2024-07-21,0,5,8,0,10,401.1666666666667,2217.0,24,0.5278,위험,7,여름
2024-07-22,0,4,9,0,10,406.7916666666667,3395.0,24,0.4245,위험,7,여름
2024-07-23,0,4,10,0,10,409.5833333333333,2043.0,24,0.4253,위험,7,여름
2024-07-24,0,3,9,0,10,407.5,2580.0,24,0.3203,경계,7,여름
2024-07-25,0,6,10,3,10,409.6666666666667,337.0,24,0.6389,위험,7,여름
2024-07-26,2,4,10,3,10,408.9583333333333,520.0,24,0.9306,위험,7,여름
2024-07-27,0,4,10,0,10,400.0416666666667,1828.0,24,0.4253,위험,7,여름
2024-07-28,0,3,9,0,10,386.0,2103.0,24,0.3203,경계,7,여름
2024-07-29,0,4,7,0,10,379.1666666666667,2224.0,24,0.4227,위험,7,여름
2024-07-30,0,2,4,0,10,381.375,2829.0,24,0.2118,경계,7,여름
2024-07-31,0,3,4,1,10,389.0,362.0,24,0.3177,경계,7,여름
2024-08-01,0,4,6,1,10,389.2083333333333,871.0,24,0.4236,위험,8,여름
2024-08-02,0,9,8,5,10,390.2916666666667,464.0,24,0.9531,위험,8,여름
2024-08-03,4,6,8,5,10,393.5416666666667,882.0,24,1.0,위험,8,여름
2024-08-04,5,6,10,7,10,399.2083333333333,345.0,24,1.0,위험,8,여름
2024-08-05,0,5,8,1,10,402.0416666666667,938.0,24,0.5295,위험,8,여름
2024-08-06,1,5,9,3,10,400.25,870.0,24,0.7839,위험,8,여름
2024-08-07,2,5,9,7,10,400.9583333333333,577.0,24,1.0,위험,8,여름
2024-08-08,2,5,8,5,10,400.75,518.0,24,1.0,위험,8,여름
2024-08-09,2,8,9,8,10,401.2916666666667,413.0,24,1.0,위험,8,여름
2024-08-10,1,10,8,10,10,403.5833333333333,298.0,24,1.0,위험,8,여름
2024-08-11,0,3,9,0,10,408.125,1510.0,24,0.3203,경계,8,여름
2024-08-12,0,3,8,0,10,404.5,1188.0,24,0.3194,경계,8,여름
2024-08-13,0,3,6,0,10,398.0416666666667,1787.0,24,0.3177,경계,8,여름
2024-08-14,0,3,3,0,10,389.0833333333333,1630.0,24,0.3151,경계,8,여름
2024-08-15,0,3,2,2,10,387.875,458.0,24,0.3177,경계,8,여름
2024-08-16,0,4,4,0,10,389.6666666666667,1631.0,24,0.4201,위험,8,여름
2024-08-17,0,5,6,2,10,387.9166666666667,828.0,24,0.5295,위험,8,여름
2024-08-18,2,6,8,5,10,394.0833333333333,603.0,24,1.0,위험,8,여름
2024-08-19,1,5,9,2,10,400.2916666666667,235.0,24,0.7821,위험,8,여름
2024-08-20,0,6,10,1,10,404.9583333333333,870.0,24,0.6354,위험,8,여름
2024-08-21,1,4,10,1,10,413.25,423.0,24,0.6771,위험,8,여름
2024-08-22,0,3,10,0,10,413.5416666666667,2627.0,24,0.3212,경계,8,여름
2024-08-23,3,9,11,8,10,405.2916666666667,365.0,24,1.0,위험,8,여름
2024-08-24,3,13,9,16,10,403.875,140.0,24,1.0,위험,8,여름
2024-08-25,1,12,9,13,10,399.2916666666667,130.0,24,1.0,위험,8,여름
2024-08-26,1,14,9,12,10,395.375,255.0,24,1.0,위험,8,여름
2024-08-27,0,13,7,13,10,395.0833333333333,301.0,24,1.0,위험,8,여름
2024-08-28,0,3,5,0,10,397.3333333333333,5000.0,24,0.3168,경계,8,여름
2024-08-29,0,3,3,0,10,388.3333333333333,4959.0,24,0.3151,경계,8,여름
2024-08-30,0,4,4,0,10,377.0416666666667,3341.0,24,0.4201,위험,8,여름
2024-08-31,0,5,7,1,10,379.9583333333333,878.0,24,0.5286,위험,8,여름
2024-09-01,1,5,9,1,10,393.0833333333333,727.0,24,0.7804,위험,9,가을
2024-09-02,4,5,9,7,10,390.625,404.0,24,1.0,위험,9,가을
2024-09-03,0,4,9,0,10,392.0833333333333,1679.0,24,0.4245,위험,9,가을
2024-09-04,0,4,10,0,10,403.6666666666667,1469.0,24,0.4253,위험,9,가을
2024-09-05,0,3,8,0,10,398.3333333333333,1269.0,24,0.3194,경계,9,가을
2024-09-06,0,9,10,7,10,391.2083333333333,315.0,24,0.9583,위험,9,가을
2024-09-07,2,8,8,10,10,393.9166666666667,163.0,24,1.0,위험,9,가을
2024-09-08,2,5,9,5,10,389.0833333333333,280.0,24,1.0,위험,9,가을
2024-09-09,0,7,8,5,10,392.5416666666667,752.0,24,0.7448,위험,9,가을
2024-09-10,1,9,8,7,10,394.5416666666667,472.0,24,1.0,위험,9,가을
2024-09-11,0,5,6,4,10,386.7916666666667,580.0,24,0.533,위험,9,가을
2024-09-12,0,3,3,0,10,382.875,1273.0,24,0.3151,경계,9,가을
2024-09-13,0,5,2,6,10,380.1666666666667,412.0,24,0.533,위험,9,가을
2024-09-14,0,3,3,0,10,384.9583333333333,1642.0,24,0.3151,경계,9,가을
2024-09-15,0,4,7,0,10,387.0833333333333,1456.0,24,0.4227,위험,9,가을
2024-09-16,0,5,8,0,10,392.7916666666667,4724.0,24,0.5278,위험,9,가을
2024-09-17,0,5,9,0,10,382.6666666666667,4619.0,24,0.5286,위험,9,가을
2024-09-18,0,5,9,0,10,391.4583333333333,1495.0,24,0.5286,위험,9,가을
2024-09-19,0,4,10,0,10,406.75,3114.0,24,0.4253,위험,9,가을
2024-09-20,0,4,9,2,10,411.5416666666667,195.0,24,0.428,위험,9,가을
2024-09-21,1,6,10,7,10,400.75,61.0,24,0.8958,위험,9,가을
2024-09-22,0,3,9,0,10,397.4583333333333,5000.0,24,0.3203,경계,9,가을
2024-09-23,0,4,10,0,10,415.4166666666667,5000.0,24,0.4253,위험,9,가을
2024-09-24,0,4,9,0,10,398.125,4153.0,24,0.4245,위험,9,가을
2024-09-25,0,4,7,0,10,391.2916666666667,4083.0,24,0.4227,위험,9,가을
2024-09-26,0,3,3,0,10,386.625,1114.0,24,0.3151,경계,9,가을
2024-09-27,0,2,2,0,10,383.5,1083.0,24,0.2101,경계,9,가을
2024-09-28,0,3,5,0,10,389.1666666666667,1311.0,24,0.3168,경계,9,가을
2024-09-29,0,4,8,0,10,397.8333333333333,5000.0,24,0.4236,위험,9,가을
2024-09-30,0,5,9,0,10,392.2083333333333,4256.0,24,0.5286,위험,9,가을
2024-10-01,0,4,8,1,10,378.2083333333333,208.0,24,0.4253,위험,10,가을
2024-10-02,0,4,8,0,10,375.5833333333333,5000.0,24,0.4236,위험,10,가을
2024-10-03,0,4,9,0,10,391.625,1326.0,24,0.4245,위험,10,가을
2024-10-04,0,4,10,0,10,387.8333333333333,1128.0,24,0.4253,위험,10,가을
2024-10-05,0,3,8,0,10,387.4166666666667,2572.0,24,0.3194,경계,10,가을
2024-10-06,0,3,9,0,10,388.3333333333333,1542.0,24,0.3203,경계,10,가을
2024-10-07,2,10,9,10,10,387.9166666666667,346.0,24,1.0,위험,10,가을
2024-10-08,2,12,9,14,10,382.9583333333333,10.0,24,1.0,위험,10,가을
2024-10-09,1,9,8,7,10,395.375,359.0,24,1.0,위험,10,가을
2024-10-10,0,2,6,0,10,394.9583333333333,3116.0,24,0.2135,경계,10,가을
2024-10-11,0,7,4,7,10,384.0416666666667,16.0,24,0.7448,위험,10,가을
2024-10-12,2,8,2,13,10,377.875,163.0,24,1.0,위험,10,가을
2024-10-13,0,4,3,2,10,375.8333333333333,922.0,24,0.4227,위험,10,가을
2024-10-14,1,7,7,9,10,377.75,390.0,24,1.0,위험,10,가을
2024-10-15,4,13,8,22,10,376.2083333333333,14.0,24,1.0,위험,10,가을
2024-10-16,5,12,9,22,10,378.0416666666667,10.0,24,1.0,위험,10,가을
2024-10-17,4,6,9,11,10,391.4166666666667,212.0,24,1.0,위험,10,가을
2024-10-18,0,9,10,6,10,401.6666666666667,30.0,24,0.9566,위험,10,가을
2024-10-19,4,6,9,9,10,375.625,309.0,24,1.0,위험,10,가을
2024-10-20,0,4,10,0,10,417.4583333333333,5000.0,24,0.4253,위험,10,가을
2024-10-21,0,4,10,0,10,401.25,1022.0,24,0.4253,위험,10,가을
2024-10-22,1,6,8,9,10,386.375,131.0,24,0.8976,위험,10,가을
2024-10-23,0,2,6,0,10,372.3333333333333,2391.0,24,0.2135,경계,10,가을
2024-10-24,0,3,4,0,10,380.125,1125.0,24,0.316,경계,10,가을
2024-10-25,0,4,3,1,10,388.7083333333333,606.0,24,0.421,위험,10,가을
2024-10-26,0,1,1,0,10,377.3333333333333,1350.0,24,0.105,주의,10,가을
2024-10-27,0,9,3,6,10,376.8333333333333,642.0,24,0.9505,위험,10,가을
2024-10-28,1,6,6,10,10,381.125,260.0,24,0.8976,위험,10,가을
2024-10-29,0,4,8,0,10,397.6666666666667,3049.0,24,0.4236,위험,10,가을
2024-10-30,0,5,8,3,10,381.1666666666667,696.0,24,0.533,위험,10,가을
2024-10-31,4,6,9,9,10,384.25,523.0,24,1.0,위험,10,가을
2024-11-01,0,4,8,4,10,391.2083333333333,501.0,24,0.4306,위험,11,가을
2024-11-02,0,4,9,0,10,397.875,2037.0,24,0.4245,위험,11,가을
2024-11-03,0,5,9,1,10,396.5,933.0,24,0.5304,위험,11,가을
2024-11-04,0,5,9,5,10,384.75,531.0,24,0.5373,위험,11,가을
2024-11-05,0,2,8,0,10,379.4166666666667,4532.0,24,0.2153,경계,11,가을
2024-11-06,0,3,8,0,10,376.2916666666667,3769.0,24,0.3194,경계,11,가을
2024-11-07,0,3,8,0,10,380.0833333333333,1241.0,24,0.3194,경계,11,가을
2024-11-08,0,3,6,1,10,383.4583333333333,893.0,24,0.3194,경계,11,가을
2024-11-09,0,9,4,10,10,376.4583333333333,324.0,24,0.9583,위험,11,가을
2024-11-10,1,4,3,2,10,374.0,372.0,24,0.6727,위험,11,가을
2024-11-11,2,9,3,13,10,364.8333333333333,55.0,24,1.0,위험,11,가을
2024-11-12,2,7,6,11,10,368.25,137.0,24,1.0,위험,11,가을
2024-11-13,2,6,8,9,10,375.1666666666667,221.0,24,1.0,위험,11,가을
2024-11-14,1,5,9,2,10,384.7916666666667,881.0,24,0.7821,위험,11,가을
2024-11-15,1,5,10,1,10,382.2916666666667,849.0,24,0.7812,위험,11,가을
2024-11-16,0,6,10,2,10,399.0416666666667,594.0,24,0.6372,위험,11,가을
2024-11-17,0,4,9,0,10,369.1666666666667,1018.0,24,0.4245,위험,11,가을
2024-11-18,0,3,8,0,10,363.2083333333333,4616.0,24,0.3194,경계,11,가을
2024-11-19,0,3,8,0,10,386.625,3656.0,24,0.3194,경계,11,가을
2024-11-20,0,3,9,0,10,374.4166666666667,1205.0,24,0.3203,경계,11,가을
2024-11-21,0,8,7,8,10,377.0,441.0,24,0.8533,위험,11,가을
2024-11-22,0,2,3,0,10,363.4166666666667,1582.0,24,0.2109,경계,11,가을
2024-11-23,0,3,3,0,10,367.125,1540.0,24,0.3151,경계,11,가을
2024-11-24,0,2,2,0,10,370.875,1528.0,24,0.2101,경계,11,가을
2024-11-25,0,2,2,0,10,379.5,1332.0,24,0.2101,경계,11,가을
2024-11-26,1,5,2,5,10,367.5833333333333,167.0,24,0.7812,위험,11,가을
2024-11-27,0,2,5,0,10,367.9166666666667,1840.0,24,0.2127,경계,11,가을
2024-11-28,0,2,6,1,10,370.625,688.0,24,0.2153,경계,11,가을
2024-11-29,0,5,6,11,10,354.1666666666667,429.0,24,0.5451,위험,11,가을
2024-11-30,1,5,7,7,10,363.2916666666667,306.0,24,0.7891,위험,11,가을
2024-12-01,0,3,7,0,10,378.0,1115.0,24,0.3186,경계,12,겨울
2024-12-02,0,6,9,2,10,380.0416666666667,727.0,24,0.6363,위험,12,겨울
2024-12-03,0,3,7,1,10,361.875,890.0,24,0.3203,경계,12,겨울
2024-12-04,0,3,8,0,10,373.5833333333333,2141.0,24,0.3194,경계,12,겨울
2024-12-05,2,3,8,4,10,372.5,434.0,24,0.8264,위험,12,겨울
2024-12-06,0,2,7,0,10,364.625,1606.0,24,0.2144,경계,12,겨울
2024-12-07,1,4,6,4,10,366.7916666666667,530.0,24,0.6788,위험,12,겨울
2024-12-08,0,3,4,0,10,341.875,2296.0,24,0.316,경계,12,겨울
2024-12-09,0,4,5,0,10,357.125,2398.0,24,0.421,위험,12,겨울
2024-12-10,0,3,5,0,10,354.0833333333333,1518.0,24,0.3168,경계,12,겨울
2024-12-11,0,3,5,3,10,352.2916666666667,839.0,24,0.322,경계,12,겨울
2024-12-12,0,2,6,0,10,350.7916666666667,1767.0,24,0.2135,경계,12,겨울
2024-12-13,0,10,7,9,10,352.2916666666667,111.0,24,1.0,위험,12,겨울
2024-12-14,0,3,6,3,10,352.125,69.0,24,0.3229,경계,12,겨울
2024-12-15,2,5,8,4,10,360.2916666666667,322.0,24,1.0,위험,12,겨울
2024-12-16,0,4,8,1,10,368.125,709.0,24,0.4253,위험,12,겨울
2024-12-17,0,3,8,0,10,371.6666666666667,1021.0,24,0.3194,경계,12,겨울
2024-12-18,0,2,7,0,10,353.375,1681.0,24,0.2144,경계,12,겨울
2024-12-19,0,2,7,0,10,357.5,1797.0,24,0.2144,경계,12,겨울
2024-12-20,0,3,7,1,10,372.0416666666667,415.0,24,0.3203,경계,12,겨울
2024-12-21,0,6,6,7,10,355.3333333333333,398.0,24,0.6424,위험,12,겨울
2024-12-22,0,2,3,0,10,341.4583333333333,3596.0,24,0.2109,경계,12,겨울
2024-12-23,0,3,3,0,10,366.3333333333333,2202.0,24,0.3151,경계,12,겨울
2024-12-24,0,1,1,0,10,356.375,1554.0,24,0.105,주의,12,겨울
2024-12-25,0,0,1,0,10,365.9583333333333,1383.0,24,0.0009,정상,12,겨울
2024-12-26,0,3,1,6,10,352.7083333333333,770.0,24,0.3238,경계,12,겨울
2024-12-27,0,3,3,4,10,350.1666666666667,36.0,24,0.322,경계,12,겨울
2024-12-28,0,7,3,10,10,338.0,348.0,24,0.7491,위험,12,겨울
2024-12-29,2,5,6,5,10,369.3333333333333,485.0,24,1.0,위험,12,겨울
2024-12-30,0,3,8,0,10,384.2916666666667,1176.0,24,0.3194,경계,12,겨울
2024-12-31,0,3,8,0,10,358.25,1162.0,24,0.3194,경계,12,겨울
2025-03-01,4,13,9,20,10,363.8333333333333,7.0,24,1.0,위험,3,봄
2025-03-02,3,10,9,16,10,365.5833333333333,208.0,24,1.0,위험,3,봄
2025-03-03,2,7,9,6,10,379.0416666666667,199.0,24,1.0,위험,3,봄
2025-03-04,0,3,9,2,10,396.9583333333333,526.0,24,0.3238,경계,3,봄
2025-03-05,0,2,8,0,10,365.75,1128.0,24,0.2153,경계,3,봄
2025-03-06,0,2,6,1,10,350.0416666666667,751.0,24,0.2153,경계,3,봄
2025-03-07,0,11,4,12,10,360.25,161.0,24,1.0,위험,3,봄
2025-03-08,0,8,3,11,10,360.7083333333333,413.0,24,0.855,위험,3,봄
2025-03-09,0,8,3,17,10,352.0,314.0,24,0.8655,위험,3,봄
2025-03-10,0,6,4,12,10,356.5833333333333,68.0,24,0.6493,위험,3,봄
2025-03-11,0,9,4,12,10,357.5416666666667,444.0,24,0.9618,위험,3,봄
2025-03-12,3,10,8,17,10,361.2916666666667,194.0,24,1.0,위험,3,봄
2025-03-13,3,6,7,9,10,361.4583333333333,15.0,24,1.0,위험,3,봄
2025-03-14,0,4,9,0,10,372.375,1568.0,24,0.4245,위험,3,봄
2025-03-15,0,4,10,0,10,388.4166666666667,2688.0,24,0.4253,위험,3,봄
2025-03-16,0,3,8,0,10,359.8333333333333,1622.0,24,0.3194,경계,3,봄
2025-03-17,0,2,7,0,10,343.875,2602.0,24,0.2144,경계,3,봄
2025-03-18,0,4,7,4,10,368.1666666666667,491.0,24,0.4297,위험,3,봄
2025-03-19,0,2,8,0,10,362.875,1475.0,24,0.2153,경계,3,봄
2025-03-20,0,1,7,0,10,365.8333333333333,1005.0,24,0.1102,주의,3,봄
2025-03-21,0,5,4,5,10,358.7916666666667,653.0,24,0.533,위험,3,봄
2025-03-22,0,8,3,10,10,369.0416666666667,498.0,24,0.8533,위험,3,봄
2025-03-23,0,2,2,5,10,375.125,668.0,24,0.2188,경계,3,봄
2025-03-24,0,4,2,5,10,377.5,599.0,24,0.4271,위험,3,봄
2025-03-25,0,6,3,12,10,371.25,41.0,24,0.6484,위험,3,봄
2025-03-26,0,0,4,0,10,372.6666666666667,1500.0,24,0.0035,정상,3,봄
2025-03-27,0,4,9,4,10,376.0,231.0,24,0.4314,위험,3,봄
2025-03-28,1,4,7,2,10,347.6666666666667,729.0,24,0.6762,위험,3,봄
2025-03-29,0,5,9,0,10,360.8333333333333,1892.0,24,0.5286,위험,3,봄
2025-03-30,0,4,9,0,10,357.8333333333333,3416.0,24,0.4245,위험,3,봄
2025-03-31,0,4,9,0,10,362.0,1013.0,24,0.4245,위험,3,봄
2025-04-01,3,8,9,11,10,366.5,148.0,24,1.0,위험,4,봄
2025-04-02,2,8,9,8,10,373.2083333333333,699.0,24,1.0,위험,4,봄
2025-04-03,1,9,7,9,10,360.9166666666667,572.0,24,1.0,위험,4,봄
2025-04-04,0,13,6,13,10,367.8333333333333,101.0,24,1.0,위험,4,봄
2025-04-05,0,12,4,19,10,373.25,297.0,24,1.0,위험,4,봄
2025-04-06,0,3,3,4,10,361.0416666666667,502.0,24,0.322,경계,4,봄
2025-04-07,0,0,3,0,10,366.2916666666667,1461.0,24,0.0026,정상,4,봄
2025-04-08,0,2,3,3,10,358.5,704.0,24,0.2161,경계,4,봄
2025-04-09,0,4,5,5,10,365.4166666666667,524.0,24,0.4297,위험,4,봄
2025-04-10,0,4,7,1,10,367.3333333333333,918.0,24,0.4245,위험,4,봄
2025-04-11,4,8,8,13,10,367.5833333333333,9.0,24,1.0,위험,4,봄
2025-04-12,0,9,10,5,10,384.2916666666667,411.0,24,0.9549,위험,4,봄
2025-04-13,0,5,8,1,10,360.1666666666667,623.0,24,0.5295,위험,4,봄
2025-04-14,0,5,9,2,10,375.6666666666667,434.0,24,0.5321,위험,4,봄
2025-04-15,0,4,8,1,10,369.25,870.0,24,0.4253,위험,4,봄
2025-04-16,2,6,8,5,10,379.75,184.0,24,1.0,위험,4,봄
2025-04-17,1,2,7,3,10,388.8333333333333,521.0,24,0.4696,위험,4,봄
2025-04-18,0,7,8,6,10,379.0,130.0,24,0.7465,위험,4,봄
2025-04-19,1,11,6,11,10,383.2083333333333,187.0,24,1.0,위험,4,봄
2025-04-20,0,13,4,13,10,374.2083333333333,21.0,24,1.0,위험,4,봄
2025-04-21,0,9,4,10,10,380.75,369.0,24,0.9583,위험,4,봄
2025-04-22,0,9,3,15,10,372.875,223.0,24,0.9661,위험,4,봄
2025-04-23,0,8,3,12,10,364.5416666666667,9.0,24,0.8568,위험,4,봄
2025-04-24,1,6,5,8,10,363.5416666666667,45.0,24,0.8932,위험,4,봄
2025-04-25,0,3,7,0,10,347.5,2143.0,24,0.3186,경계,4,봄
2025-04-26,1,6,8,3,10,351.6666666666667,385.0,24,0.8872,위험,4,봄
2025-04-27,0,4,8,0,10,356.5,1380.0,24,0.4236,위험,4,봄
2025-04-28,0,5,9,0,10,366.0416666666667,1440.0,24,0.5286,위험,4,봄
2025-04-29,1,4,9,1,10,374.875,474.0,24,0.6762,위험,4,봄
2025-04-30,0,3,9,0,10,389.3333333333333,1434.0,24,0.3203,경계,4,봄
2025-05-01,0,11,10,9,10,394.5833333333333,211.0,24,1.0,위험,5,봄
2025-05-02,0,3,8,1,10,373.3333333333333,635.0,24,0.3212,경계,5,봄
2025-05-03,0,2,6,2,10,374.8333333333333,628.0,24,0.217,경계,5,봄
2025-05-04,0,0,4,0,10,371.9166666666667,1046.0,24,0.0035,정상,5,봄
2025-05-05,0,0,4,0,10,373.0,1683.0,24,0.0035,정상,5,봄
2025-05-06,0,0,3,0,10,370.8333333333333,3846.0,24,0.0026,정상,5,봄
2025-05-07,0,0,3,0,10,360.8333333333333,1276.0,24,0.0026,정상,5,봄
2025-05-08,0,3,5,3,10,366.5,495.0,24,0.322,경계,5,봄
2025-05-09,0,7,8,8,10,376.875,318.0,24,0.75,위험,5,봄
2025-05-10,3,6,6,11,10,361.6666666666667,167.0,24,1.0,위험,5,봄
2025-05-11,3,8,8,10,10,368.1666666666667,374.0,24,1.0,위험,5,봄
2025-05-12,5,6,8,8,10,375.9583333333333,119.0,24,1.0,위험,5,봄
2025-05-13,0,4,8,0,10,374.125,1177.0,24,0.4236,위험,5,봄
2025-05-14,0,5,8,1,10,375.0416666666667,608.0,24,0.5295,위험,5,봄
2025-05-15,1,12,8,13,10,372.0833333333333,58.0,24,1.0,위험,5,봄
2025-05-16,1,9,7,8,10,373.2916666666667,370.0,24,1.0,위험,5,봄
2025-05-17,0,6,8,4,10,377.375,488.0,24,0.6389,위험,5,봄
2025-05-18,0,1,6,0,10,367.9583333333333,1101.0,24,0.1094,주의,5,봄
2025-05-19,0,5,6,4,10,384.8333333333333,651.0,24,0.533,위험,5,봄
2025-05-20,0,0,4,0,10,376.5833333333333,3181.0,24,0.0035,정상,5,봄
2025-05-21,0,3,4,3,10,376.5833333333333,414.0,24,0.3212,경계,5,봄
2025-05-22,2,6,6,7,10,372.3333333333333,501.0,24,1.0,위험,5,봄
2025-05-23,1,5,6,4,10,374.125,167.0,24,0.783,위험,5,봄
2025-05-24,0,3,7,0,10,368.3333333333333,3419.0,24,0.3186,경계,5,봄
2025-05-25,0,4,8,0,10,359.7916666666667,1741.0,24,0.4236,위험,5,봄
2025-05-26,0,5,9,2,10,365.0833333333333,547.0,24,0.5321,위험,5,봄
2025-05-27,0,6,8,1,10,373.7916666666667,681.0,24,0.6337,위험,5,봄
2025-05-28,4,7,9,11,10,378.1666666666667,175.0,24,1.0,위험,5,봄
2025-05-29,0,4,10,0,10,384.3333333333333,1090.0,24,0.4253,위험,5,봄
2025-05-30,0,3,9,0,10,390.3333333333333,1036.0,24,0.3203,경계,5,봄
2025-05-31,2,13,8,14,10,389.25,267.0,24,1.0,위험,5,봄
2025-06-01,1,11,8,13,10,385.4583333333333,102.0,24,1.0,위험,6,여름
2025-06-02,0,8,8,8,10,386.5416666666667,765.0,24,0.8542,위험,6,여름
2025-06-03,1,8,5,9,10,382.5,547.0,24,1.0,위험,6,여름
2025-06-04,0,7,5,7,10,373.875,405.0,24,0.7457,위험,6,여름
2025-06-05,0,1,4,0,10,370.1666666666667,1335.0,24,0.1076,주의,6,여름
2025-06-06,0,6,4,4,10,374.2083333333333,459.0,24,0.6354,위험,6,여름
2025-06-07,0,4,5,1,10,372.0833333333333,965.0,24,0.4227,위험,6,여름
2025-06-08,4,10,7,10,10,375.7916666666667,188.0,24,1.0,위험,6,여름
2025-06-09,5,6,8,7,10,376.8333333333333,448.0,24,1.0,위험,6,여름
2025-06-10,4,5,6,5,10,379.7083333333333,53.0,24,1.0,위험,6,여름
2025-06-11,2,4,7,3,10,374.9583333333333,598.0,24,0.928,위험,6,여름
2025-06-12,0,4,8,0,10,384.5416666666667,1747.0,24,0.4236,위험,6,여름
2025-06-13,0,10,7,10,10,386.625,169.0,24,1.0,위험,6,여름
2025-06-14,3,8,8,9,10,388.5833333333333,145.0,24,1.0,위험,6,여름
2025-06-15,2,7,8,7,10,398.0,332.0,24,1.0,위험,6,여름
2025-06-16,0,5,8,7,10,403.6666666666667,277.0,24,0.5399,위험,6,여름
2025-06-17,0,2,8,0,10,397.4583333333333,1234.0,24,0.2153,경계,6,여름
2025-06-18,0,8,8,6,10,387.5833333333333,222.0,24,0.8507,위험,6,여름
2025-06-19,0,8,8,5,10,383.7916666666667,419.0,24,0.849,위험,6,여름
2025-06-20,3,3,7,7,10,388.875,147.0,24,1.0,위험,6,여름
2025-06-21,1,9,6,12,10,376.2916666666667,181.0,24,1.0,위험,6,여름
2025-06-22,2,7,7,7,10,378.0,697.0,24,1.0,위험,6,여름
2025-06-23,4,9,7,14,10,387.2083333333333,226.0,24,1.0,위험,6,여름
2025-06-24,5,8,8,9,10,389.5,200.0,24,1.0,위험,6,여름
2025-06-25,1,8,9,6,10,398.75,252.0,24,1.0,위험,6,여름
2025-06-26,5,14,10,16,10,400.3333333333333,228.0,24,1.0,위험,6,여름
2025-06-27,4,8,10,11,10,405.8333333333333,278.0,24,1.0,위험,6,여름
2025-06-28,0,7,10,4,10,409.9583333333333,498.0,24,0.7448,위험,6,여름
2025-06-29,0,5,9,3,10,407.8333333333333,476.0,24,0.5339,위험,6,여름
2025-06-30,0,2,9,0,10,402.7083333333333,4251.0,24,0.2161,경계,6,여름
2025-07-01,0,3,9,0,10,396.125,3515.0,24,0.3203,경계,7,여름
2025-07-02,0,2,8,0,10,391.6666666666667,1679.0,24,0.2153,경계,7,여름
2025-07-03,0,8,7,6,10,388.4166666666667,473.0,24,0.8498,위험,7,여름
2025-07-04,1,7,6,8,10,388.0833333333333,595.0,24,0.9983,위험,7,여름
2025-07-05,0,3,4,1,10,388.25,294.0,24,0.3177,경계,7,여름
2025-07-06,1,7,3,9,10,390.4166666666667,164.0,24,0.9974,위험,7,여름
2025-07-07,0,3,5,1,10,391.7916666666667,344.0,24,0.3186,경계,7,여름
2025-07-08,2,10,7,13,10,396.25,409.0,24,1.0,위험,7,여름
2025-07-09,4,5,8,4,10,400.125,437.0,24,1.0,위험,7,여름
2025-07-10,0,5,8,0,10,404.4166666666667,4709.0,24,0.5278,위험,7,여름
2025-07-11,0,4,9,0,10,414.7916666666667,4779.0,24,0.4245,위험,7,여름
2025-07-12,0,4,10,0,10,410.9583333333333,5000.0,24,0.4253,위험,7,여름
2025-07-13,0,7,9,5,10,402.9166666666667,437.0,24,0.7457,위험,7,여름
2025-07-14,0,5,10,2,10,408.125,938.0,24,0.533,위험,7,여름
2025-07-15,1,5,9,3,10,411.9166666666667,577.0,24,0.7839,위험,7,여름
2025-07-16,0,9,10,11,10,416.875,313.0,24,0.9653,위험,7,여름
2025-07-17,1,7,9,6,10,411.8333333333333,110.0,24,0.9974,위험,7,여름
2025-07-18,0,6,10,3,10,403.875,651.0,24,0.6389,위험,7,여름
2025-07-19,0,6,8,2,10,398.4166666666667,559.0,24,0.6354,위험,7,여름
2025-07-20,0,3,6,0,10,389.5833333333333,1954.0,24,0.3177,경계,7,여름
2025-07-21,0,3,5,0,10,380.9166666666667,2961.0,24,0.3168,경계,7,여름
2025-07-22,0,4,6,0,10,379.5833333333333,4895.0,24,0.4219,위험,7,여름
2025-07-23,0,5,8,0,10,383.9583333333333,2067.0,24,0.5278,위험,7,여름
2025-07-24,1,5,8,2,10,393.4583333333333,820.0,24,0.7812,위험,7,여름
2025-07-25,4,9,10,10,10,405.75,396.0,24,1.0,위험,7,여름
2025-07-26,2,6,10,4,10,410.4583333333333,307.0,24,1.0,위험,7,여름
2025-07-27,0,3,10,0,10,413.125,3874.0,24,0.3212,경계,7,여름
2025-07-28,3,6,10,6,10,409.0416666666667,473.0,24,1.0,위험,7,여름
2025-07-29,1,6,9,4,10,408.75,538.0,24,0.8898,위험,7,여름
2025-07-30,1,9,10,7,10,413.7916666666667,314.0,24,1.0,위험,7,여름
2025-07-31,0,4,9,1,10,406.2916666666667,672.0,24,0.4262,위험,7,여름
2025-08-01,0,3,8,0,10,397.1666666666667,1273.0,24,0.3194,경계,8,여름
2025-08-02,0,3,6,0,10,394.2916666666667,1304.0,24,0.3177,경계,8,여름
2025-08-03,2,4,4,8,10,399.5,221.0,24,0.934,위험,8,여름
2025-08-04,1,6,2,7,10,398.2916666666667,52.0,24,0.8889,위험,8,여름
2025-08-05,1,6,3,5,10,391.5833333333333,567.0,24,0.8863,위험,8,여름
2025-08-06,0,4,5,0,10,395.3333333333333,1479.0,24,0.421,위험,8,여름
2025-08-07,0,5,8,0,10,389.0,2702.0,24,0.5278,위험,8,여름
2025-08-08,2,5,9,3,10,401.0,830.0,24,1.0,위험,8,여름
2025-08-09,0,7,10,7,10,401.625,721.0,24,0.75,위험,8,여름
2025-08-10,1,5,9,2,10,397.0,726.0,24,0.7821,위험,8,여름
2025-08-11,4,9,10,9,10,406.0833333333333,403.0,24,1.0,위험,8,여름
2025-08-12,1,5,10,3,10,404.8333333333333,695.0,24,0.7847,위험,8,여름
2025-08-13,0,4,10,1,10,408.9166666666667,910.0,24,0.4271,위험,8,여름
2025-08-14,2,5,9,5,10,395.375,238.0,24,1.0,위험,8,여름
2025-08-15,1,4,9,2,10,386.875,915.0,24,0.678,위험,8,여름
2025-08-16,0,10,8,7,10,385.25,21.0,24,1.0,위험,8,여름
2025-08-17,0,5,7,2,10,380.0833333333333,756.0,24,0.5304,위험,8,여름
2025-08-18,0,5,4,3,10,381.125,705.0,24,0.5295,위험,8,여름
2025-08-19,0,3,3,0,10,380.3333333333333,2771.0,24,0.3151,경계,8,여름
2025-08-20,0,4,6,0,10,385.9583333333333,1370.0,24,0.4219,위험,8,여름
2025-08-21,3,6,8,5,10,389.75,426.0,24,1.0,위험,8,여름
2025-08-22,0,5,9,1,10,393.1666666666667,845.0,24,0.5304,위험,8,여름
2025-08-23,1,5,9,2,10,393.25,559.0,24,0.7821,위험,8,여름
2025-08-24,3,5,10,5,10,398.3333333333333,392.0,24,1.0,위험,8,여름
2025-08-25,0,4,10,0,10,403.25,1602.0,24,0.4253,위험,8,여름
2025-08-26,1,5,10,3,10,395.3333333333333,126.0,24,0.7847,위험,8,여름
2025-08-27,2,6,8,8,10,390.2083333333333,52.0,24,1.0,위험,8,여름
2025-08-28,2,5,10,4,10,396.625,642.0,24,1.0,위험,8,여름
2025-08-29,0,2,8,0,10,392.4166666666667,1219.0,24,0.2153,경계,8,여름
2025-08-30,0,2,7,0,10,385.9583333333333,1396.0,24,0.2144,경계,8,여름
2025-08-31,0,3,7,0,10,388.5,1228.0,24,0.3186,경계,8,여름
2025-09-01,1,2,2,2,10,388.25,262.0,24,0.4635,위험,9,가을
2025-09-02,0,2,1,1,10,381.5,697.0,24,0.2109,경계,9,가을
2025-09-03,0,3,2,1,10,387.5833333333333,814.0,24,0.316,경계,9,가을
2025-09-04,0,5,4,2,10,387.6666666666667,251.0,24,0.5278,위험,9,가을
2025-09-05,0,5,8,0,10,385.8333333333333,2537.0,24,0.5278,위험,9,가을
2025-09-06,0,5,9,0,10,392.2916666666667,1026.0,24,0.5286,위험,9,가을
2025-09-07,2,6,10,3,10,388.0833333333333,27.0,24,1.0,위험,9,가을
2025-09-08,0,4,9,0,10,396.3333333333333,1357.0,24,0.4245,위험,9,가을
2025-09-09,0,4,10,2,10,397.4166666666667,635.0,24,0.4288,위험,9,가을
2025-09-10,0,3,10,0,10,398.7083333333333,2974.0,24,0.3212,경계,9,가을
2025-09-11,0,4,10,0,10,400.0,2859.0,24,0.4253,위험,9,가을
2025-09-12,1,4,9,2,10,398.8333333333333,323.0,24,0.678,위험,9,가을
2025-09-13,1,5,9,3,10,391.875,312.0,24,0.7839,위험,9,가을
2025-09-14,0,3,8,0,10,390.4583333333333,2482.0,24,0.3194,경계,9,가을
2025-09-15,0,4,6,0,10,384.3333333333333,1057.0,24,0.4219,위험,9,가을
2025-09-16,0,2,2,0,10,375.7916666666667,1181.0,24,0.2101,경계,9,가을
2025-09-17,0,5,3,8,10,375.3333333333333,149.0,24,0.5373,위험,9,가을
2025-09-18,0,4,5,0,10,376.5833333333333,1821.0,24,0.421,위험,9,가을
2025-09-19,0,5,9,0,10,394.625,2420.0,24,0.5286,위험,9,가을
2025-09-20,0,9,9,10,10,384.0416666666667,145.0,24,0.9627,위험,9,가을
2025-09-21,1,5,9,1,10,388.5416666666667,21.0,24,0.7804,위험,9,가을
2025-09-22,0,4,9,0,10,411.0833333333333,5000.0,24,0.4245,위험,9,가을
2025-09-23,0,4,10,0,10,402.0416666666667,2226.0,24,0.4253,위험,9,가을
2025-09-24,0,7,9,4,10,398.9583333333333,156.0,24,0.7439,위험,9,가을
2025-09-25,2,5,9,7,10,386.5833333333333,397.0,24,1.0,위험,9,가을
2025-09-26,2,10,9,13,10,386.6666666666667,25.0,24,1.0,위험,9,가을
2025-09-27,2,10,9,11,10,390.9166666666667,156.0,24,1.0,위험,9,가을
2025-09-28,1,9,7,13,10,390.6666666666667,84.0,24,1.0,위험,9,가을
2025-09-29,0,2,6,0,10,380.5416666666667,2169.0,24,0.2135,경계,9,가을
2025-09-30,0,7,3,6,10,389.125,495.0,24,0.7422,위험,9,가을
2025-10-01,0,7,2,10,10,382.375,11.0,24,0.7483,위험,10,가을
2025-10-02,1,4,1,8,10,377.375,328.0,24,0.6814,위험,10,가을
2025-10-03,3,9,3,21,10,379.0416666666667,148.0,24,1.0,위험,10,가을
2025-10-04,1,8,7,9,10,378.0833333333333,280.0,24,1.0,위험,10,가을
2025-10-05,5,6,9,11,10,379.75,106.0,24,1.0,위험,10,가을
2025-10-06,3,8,8,15,10,386.7916666666667,311.0,24,1.0,위험,10,가을
2025-10-07,1,7,10,4,10,391.5833333333333,226.0,24,0.9948,위험,10,가을
2025-10-08,1,5,9,2,10,385.4166666666667,347.0,24,0.7821,위험,10,가을
2025-10-09,0,4,11,0,10,407.9166666666667,4911.0,24,0.4262,위험,10,가을
2025-10-10,0,4,10,0,10,412.7916666666667,2631.0,24,0.4253,위험,10,가을
2025-10-11,2,4,9,3,10,401.8333333333333,610.0,24,0.9297,위험,10,가을
2025-10-12,0,5,8,2,10,392.5833333333333,664.0,24,0.5312,위험,10,가을
2025-10-13,3,8,8,13,10,400.0416666666667,189.0,24,1.0,위험,10,가을
2025-10-14,0,7,5,3,10,390.5416666666667,540.0,24,0.7387,위험,10,가을
2025-10-15,1,3,3,1,10,392.7916666666667,407.0,24,0.5668,위험,10,가을
2025-10-16,2,4,3,3,10,377.875,231.0,24,0.9245,위험,10,가을
2025-10-17,1,5,8,3,10,398.2083333333333,471.0,24,0.783,위험,10,가을
2025-10-18,4,5,8,6,10,371.8333333333333,211.0,24,1.0,위험,10,가을
2025-10-19,0,6,10,4,10,387.25,643.0,24,0.6406,위험,10,가을
2025-10-20,0,4,8,0,10,368.125,2448.0,24,0.4236,위험,10,가을
2025-10-21,0,4,9,0,10,373.8333333333333,3693.0,24,0.4245,위험,10,가을
2025-10-22,0,4,9,0,10,382.0833333333333,1859.0,24,0.4245,위험,10,가을
2025-10-23,0,4,9,0,10,391.25,2549.0,24,0.4245,위험,10,가을
2025-10-24,0,4,9,1,10,388.1666666666667,739.0,24,0.4262,위험,10,가을
2025-10-25,1,3,9,1,10,390.2083333333333,857.0,24,0.572,위험,10,가을
2025-10-26,0,5,8,2,10,390.875,588.0,24,0.5312,위험,10,가을
2025-10-27,0,4,6,2,10,380.8333333333333,801.0,24,0.4253,위험,10,가을
2025-10-28,0,2,6,0,10,383.5833333333333,4328.0,24,0.2135,경계,10,가을
2025-10-29,0,3,4,3,10,384.0,702.0,24,0.3212,경계,10,가을
2025-10-30,0,3,3,2,10,380.7083333333333,890.0,24,0.3186,경계,10,가을
2025-10-31,0,3,2,2,10,376.5416666666667,813.0,24,0.3177,경계,10,가을
2025-11-01,0,3,2,1,10,369.8333333333333,876.0,24,0.316,경계,11,가을
2025-11-02,0,5,7,2,10,373.0833333333333,828.0,24,0.5304,위험,11,가을
2025-11-03,0,3,7,0,10,373.9583333333333,2051.0,24,0.3186,경계,11,가을
2025-11-04,0,4,9,1,10,381.375,752.0,24,0.4262,위험,11,가을
2025-11-05,4,10,9,17,10,379.4583333333333,425.0,24,1.0,위험,11,가을
2025-11-06,5,12,11,19,10,387.5833333333333,426.0,24,1.0,위험,11,가을
2025-11-07,4,16,10,24,10,392.3333333333333,126.0,24,1.0,위험,11,가을
2025-11-08,0,6,9,4,10,403.875,230.0,24,0.6398,위험,11,가을
2025-11-09,2,8,8,10,10,393.0833333333333,189.0,24,1.0,위험,11,가을
2025-11-10,0,3,8,0,10,376.2916666666667,3175.0,24,0.3194,경계,11,가을
2025-11-11,0,3,8,0,10,381.5416666666667,2728.0,24,0.3194,경계,11,가을
2025-11-12,1,6,6,5,10,387.0833333333333,509.0,24,0.8889,위험,11,가을
2025-11-13,0,9,3,14,10,371.1666666666667,128.0,24,0.9644,위험,11,가을
2025-11-14,0,2,2,3,10,365.3333333333333,22.0,24,0.2153,경계,11,가을
2025-11-15,1,5,6,6,10,375.1666666666667,675.0,24,0.7865,위험,11,가을
2025-11-16,1,7,6,9,10,374.75,480.0,24,1.0,위험,11,가을
2025-11-17,2,3,6,2,10,344.9166666666667,165.0,24,0.8212,위험,11,가을
2025-11-18,0,3,7,0,10,353.125,2925.0,24,0.3186,경계,11,가을
2025-11-19,0,3,8,0,10,369.0833333333333,1851.0,24,0.3194,경계,11,가을
2025-11-20,2,4,7,4,10,376.5416666666667,606.0,24,0.9297,위험,11,가을
2025-11-21,0,3,8,0,10,366.8333333333333,1268.0,24,0.3194,경계,11,가을
2025-11-22,1,6,7,5,10,375.5416666666667,505.0,24,0.8898,위험,11,가을
2025-11-23,3,6,8,11,10,379.4583333333333,131.0,24,1.0,위험,11,가을
2025-11-24,0,9,7,7,10,378.7916666666667,6.0,24,0.9557,위험,11,가을
2025-11-25,1,7,5,12,10,364.75,7.0,24,1.0,위험,11,가을
2025-11-26,0,2,7,0,10,376.875,1346.0,24,0.2144,경계,11,가을
2025-11-27,0,1,3,2,10,373.2083333333333,199.0,24,0.1102,주의,11,가을
2025-11-28,0,3,3,0,10,359.3333333333333,2551.0,24,0.3151,경계,11,가을
2025-11-29,0,3,4,0,10,386.6666666666667,2775.0,24,0.316,경계,11,가을
2025-11-30,0,3,3,3,10,365.9166666666667,473.0,24,0.3203,경계,11,가을
2025-12-01,0,7,6,4,10,357.6666666666667,245.0,24,0.7413,위험,12,겨울
2025-12-02,0,2,6,0,10,361.9583333333333,4449.0,24,0.2135,경계,12,겨울
2025-12-03,0,4,7,1,10,344.5,488.0,24,0.4245,위험,12,겨울
2025-12-04,0,3,9,0,10,367.375,1750.0,24,0.3203,경계,12,겨울
2025-12-05,0,4,9,0,10,362.8333333333333,2630.0,24,0.4245,위험,12,겨울
2025-12-06,0,4,9,0,10,386.0833333333333,1765.0,24,0.4245,위험,12,겨울
2025-12-07,3,14,8,23,10,383.625,352.0,24,1.0,위험,12,겨울
2025-12-08,0,4,8,1,10,365.9583333333333,843.0,24,0.4253,위험,12,겨울
2025-12-09,0,2,7,0,10,374.6666666666667,1684.0,24,0.2144,경계,12,겨울
2025-12-10,0,2,7,0,10,376.6666666666667,1171.0,24,0.2144,경계,12,겨울
2025-12-11,0,5,5,7,10,361.4166666666667,692.0,24,0.5373,위험,12,겨울
2025-12-12,0,4,4,0,10,363.0833333333333,2476.0,24,0.4201,위험,12,겨울
2025-12-13,2,3,5,6,10,376.4166666666667,489.0,24,0.8273,위험,12,겨울
2025-12-14,0,6,0,8,10,339.875,473.0,24,0.6389,위험,12,겨울
2025-12-15,0,7,3,8,10,365.9583333333333,398.0,24,0.7457,위험,12,겨울
2025-12-16,0,2,5,0,10,374.375,1074.0,24,0.2127,경계,12,겨울
2025-12-17,2,6,5,7,10,356.125,543.0,24,1.0,위험,12,겨울
2025-12-18,0,4,5,8,10,366.9583333333333,388.0,24,0.4349,위험,12,겨울
2025-12-19,0,4,7,3,10,380.5416666666667,768.0,24,0.428,위험,12,겨울
2025-12-20,3,11,8,14,10,376.4583333333333,29.0,24,1.0,위험,12,겨울
2025-12-21,0,2,6,0,10,351.875,3615.0,24,0.2135,경계,12,겨울
2025-12-22,0,3,8,0,10,377.4583333333333,3723.0,24,0.3194,경계,12,겨울
2025-12-23,0,10,8,8,10,382.4583333333333,147.0,24,1.0,위험,12,겨울
2025-12-24,0,8,7,6,10,358.5833333333333,358.0,24,0.8498,위험,12,겨울
2025-12-25,0,2,7,0,10,353.5,1015.0,24,0.2144,경계,12,겨울
2025-12-26,0,2,5,0,10,345.4166666666667,4538.0,24,0.2127,경계,12,겨울
2025-12-27,3,5,7,7,10,375.6666666666667,186.0,24,1.0,위험,12,겨울
2025-12-28,0,10,5,9,10,370.6666666666667,322.0,24,1.0,위험,12,겨울
2025-12-29,3,4,6,11,10,367.1666666666667,338.0,24,1.0,위험,12,겨울
2025-12-30,0,2,5,0,10,356.25,1836.0,24,0.2127,경계,12,겨울
2025-12-31,0,1,5,0,10,350.75,2313.0,24,0.1085,주의,12,겨울
