date,night_risk,trend,seasonal,residual,month
2023-03-01,0.0,0.0987,-0.0963,-0.0024,3
2023-03-02,0.0,0.0986,-0.0962,-0.0024,3
2023-03-03,0.0,0.0986,-0.0966,-0.002,3
2023-03-04,0.0,0.0985,-0.0966,-0.002,3
2023-03-05,0.2,0.0985,0.1038,-0.0023,3
2023-03-06,0.0,0.0985,-0.0965,-0.002,3
2023-03-07,0.0,0.0984,-0.0965,-0.0019,3
2023-03-08,0.0,0.0984,-0.0961,-0.0023,3
2023-03-09,0.0,0.0984,-0.0961,-0.0022,3
2023-03-10,0.3,0.0983,0.2039,-0.0022,3
2023-03-11,0.0,0.0983,-0.0961,-0.0022,3
2023-03-12,0.2,0.0983,0.1039,-0.0022,3
2023-03-13,0.0,0.0982,-0.096,-0.0022,3
2023-03-14,0.0,0.0982,-0.0963,-0.0018,3
2023-03-15,0.0,0.0981,-0.0963,-0.0018,3
2023-03-16,0.0,0.0981,-0.0963,-0.0018,3
2023-03-17,0.0,0.0981,-0.0963,-0.0018,3
2023-03-18,0.0,0.098,-0.0962,-0.0018,3
2023-03-19,0.0,0.098,-0.0959,-0.0021,3
2023-03-20,0.3,0.098,0.2041,-0.0021,3
2023-03-21,0.4,0.0979,0.3041,-0.002,3
2023-03-22,0.0,0.0979,-0.0959,-0.002,3
2023-03-23,0.4,0.0979,0.3041,-0.002,3
2023-03-24,0.1,0.0978,0.0042,-0.002,3
2023-03-25,0.0,0.0978,-0.0958,-0.002,3
2023-03-26,0.0,0.0977,-0.0958,-0.002,3
2023-03-27,0.0,0.0977,-0.0958,-0.0019,3
2023-03-28,0.0,0.0977,-0.0958,-0.0019,3
2023-03-29,0.0,0.0976,-0.096,-0.0017,3
2023-03-30,0.0,0.0976,-0.0957,-0.0019,3
2023-03-31,0.0,0.0976,-0.0959,-0.0016,3
2023-04-01,0.0,0.0975,-0.0957,-0.0018,4
2023-04-02,0.0,0.0975,-0.0957,-0.0018,4
2023-04-03,0.0,0.0975,-0.0956,-0.0018,4
2023-04-04,0.0,0.0974,-0.0958,-0.0016,4
2023-04-05,0.4,0.0974,0.3044,-0.0018,4
2023-04-06,0.4,0.0973,0.3044,-0.0018,4
2023-04-07,0.4,0.0973,0.3042,-0.0015,4
2023-04-08,0.0,0.0973,-0.0955,-0.0017,4
2023-04-09,0.0,0.0972,-0.0955,-0.0017,4
2023-04-10,0.0,0.0972,-0.0955,-0.0017,4
2023-04-11,0.0,0.0972,-0.0957,-0.0015,4
2023-04-12,0.1,0.0971,0.0045,-0.0017,4
2023-04-13,0.0,0.0971,-0.0956,-0.0015,4
2023-04-14,0.0,0.097,-0.0954,-0.0016,4
2023-04-15,0.0,0.097,-0.0954,-0.0016,4
2023-04-16,0.0,0.097,-0.0954,-0.0016,4
2023-04-17,0.0,0.0969,-0.0955,-0.0014,4
2023-04-18,0.0,0.0969,-0.0953,-0.0016,4
2023-04-19,0.4,0.0969,0.3047,-0.0015,4
2023-04-20,0.5,0.0968,0.4047,-0.0015,4
2023-04-21,0.4,0.0968,0.3047,-0.0015,4
2023-04-22,0.0,0.0968,-0.0954,-0.0014,4
2023-04-23,0.0,0.0967,-0.0954,-0.0014,4
2023-04-24,0.0,0.0967,-0.0952,-0.0015,4
2023-04-25,0.0,0.0966,-0.0952,-0.0014,4
2023-04-26,0.1,0.0966,0.0048,-0.0014,4
2023-04-27,0.0,0.0966,-0.0952,-0.0014,4
2023-04-28,0.0,0.0965,-0.0951,-0.0014,4
2023-04-29,0.0,0.0965,-0.0952,-0.0013,4
2023-04-30,0.0,0.0965,-0.0951,-0.0014,4
2023-05-01,0.0,0.0964,-0.0951,-0.0014,5
2023-05-02,0.0,0.0964,-0.095,-0.0013,5
2023-05-03,0.0,0.0963,-0.095,-0.0013,5
2023-05-04,0.0,0.0963,-0.0951,-0.0012,5
2023-05-05,0.0,0.0963,-0.095,-0.0013,5
2023-05-06,0.3,0.0962,0.205,-0.0013,5
2023-05-07,0.3,0.0962,0.2051,-0.0013,5
2023-05-08,0.3,0.0962,0.2051,-0.0012,5
2023-05-09,0.2,0.0961,0.1051,-0.0012,5
2023-05-10,0.0,0.0961,-0.0949,-0.0012,5
2023-05-11,0.1,0.096,0.0051,-0.0012,5
2023-05-12,0.0,0.096,-0.0948,-0.0012,5
2023-05-13,0.0,0.096,-0.0948,-0.0011,5
2023-05-14,0.0,0.0959,-0.0948,-0.0011,5
2023-05-15,0.1,0.0959,0.0052,-0.0011,5
2023-05-16,0.0,0.0959,-0.0947,-0.0011,5
2023-05-17,0.0,0.0958,-0.0947,-0.0011,5
2023-05-18,0.1,0.0958,0.0053,-0.0011,5
2023-05-19,0.0,0.0957,-0.0947,-0.0011,5
2023-05-20,0.2,0.0957,0.1053,-0.0011,5
2023-05-21,0.4,0.0957,0.3054,-0.001,5
2023-05-22,0.2,0.0956,0.1054,-0.0011,5
2023-05-23,0.3,0.0956,0.2054,-0.001,5
2023-05-24,0.0,0.0956,-0.0945,-0.001,5
2023-05-25,0.0,0.0955,-0.0945,-0.001,5
2023-05-26,0.0,0.0955,-0.0945,-0.001,5
2023-05-27,0.0,0.0954,-0.0944,-0.001,5
2023-05-28,0.0,0.0954,-0.0945,-0.0009,5
2023-05-29,0.0,0.0954,-0.0944,-0.001,5
2023-05-30,0.1,0.0953,0.0056,-0.0009,5
2023-05-31,0.2,0.0953,0.1056,-0.0009,5
2023-06-01,0.3,0.0953,0.2056,-0.0009,6
2023-06-02,0.3,0.0952,0.2056,-0.0008,6
2023-06-03,0.4,0.0952,0.3057,-0.0008,6
2023-06-04,0.0,0.0951,-0.0942,-0.0009,6
2023-06-05,0.2,0.0951,0.1057,-0.0008,6
2023-06-06,0.2,0.0951,0.1057,-0.0008,6
2023-06-07,0.3,0.095,0.2057,-0.0008,6
2023-06-08,0.0,0.095,-0.0942,-0.0008,6
2023-06-09,0.1,0.095,0.0058,-0.0007,6
2023-06-10,0.0,0.0949,-0.0942,-0.0007,6
2023-06-11,0.0,0.0949,-0.0942,-0.0007,6
2023-06-12,0.0,0.0948,-0.0941,-0.0007,6
2023-06-13,0.0,0.0948,-0.094,-0.0008,6
2023-06-14,0.1,0.0948,0.0059,-0.0007,6
2023-06-15,0.2,0.0947,0.1059,-0.0007,6
2023-06-16,0.2,0.0947,0.106,-0.0006,6
2023-06-17,0.0,0.0946,-0.094,-0.0006,6
2023-06-18,0.0,0.0946,-0.0938,-0.0008,6
2023-06-19,0.4,0.0946,0.306,-0.0006,6
2023-06-20,0.0,0.0945,-0.094,-0.0006,6
2023-06-21,0.2,0.0945,0.1061,-0.0006,6
2023-06-22,0.0,0.0945,-0.0939,-0.0005,6
2023-06-23,0.2,0.0944,0.1063,-0.0007,6
2023-06-24,0.1,0.0944,0.0061,-0.0005,6
2023-06-25,0.0,0.0943,-0.0938,-0.0005,6
2023-06-26,0.0,0.0943,-0.0938,-0.0005,6
2023-06-27,0.1,0.0943,0.0062,-0.0005,6
2023-06-28,0.2,0.0942,0.1064,-0.0006,6
2023-06-29,0.2,0.0942,0.1063,-0.0004,6
2023-06-30,0.1,0.0941,0.0063,-0.0004,6
2023-07-01,0.3,0.0941,0.2063,-0.0004,7
2023-07-02,0.3,0.0941,0.2063,-0.0004,7
2023-07-03,0.2,0.094,0.1063,-0.0004,7
2023-07-04,0.2,0.094,0.1066,-0.0006,7
2023-07-05,0.4,0.094,0.3064,-0.0004,7
2023-07-06,0.0,0.0939,-0.0934,-0.0005,7
2023-07-07,0.2,0.0939,0.1064,-0.0003,7
2023-07-08,0.1,0.0938,0.0065,-0.0003,7
2023-07-09,0.2,0.0938,0.1065,-0.0003,7
2023-07-10,0.0,0.0938,-0.0933,-0.0005,7
2023-07-11,0.3,0.0937,0.2065,-0.0003,7
2023-07-12,0.2,0.0937,0.1066,-0.0002,7
2023-07-13,0.2,0.0936,0.1068,-0.0005,7
2023-07-14,0.3,0.0936,0.2066,-0.0002,7
2023-07-15,0.2,0.0936,0.1066,-0.0002,7
2023-07-16,0.1,0.0935,0.0067,-0.0002,7
2023-07-17,0.1,0.0935,0.0067,-0.0002,7
2023-07-18,0.0,0.0935,-0.0931,-0.0004,7
2023-07-19,0.0,0.0934,-0.093,-0.0004,7
2023-07-20,0.3,0.0934,0.2068,-0.0001,7
2023-07-21,0.3,0.0933,0.2068,-0.0001,7
2023-07-22,0.0,0.0933,-0.0932,-0.0001,7
2023-07-23,0.1,0.0933,0.0068,-0.0001,7
2023-07-24,0.1,0.0932,0.0069,-0.0001,7
2023-07-25,0.0,0.0932,-0.0931,-0.0001,7
2023-07-26,0.1,0.0931,0.0069,-0.0,7
2023-07-27,0.0,0.0931,-0.0931,-0.0,7
2023-07-28,0.0,0.0931,-0.093,-0.0,7
2023-07-29,0.0,0.093,-0.0928,-0.0002,7
2023-07-30,0.0,0.093,-0.093,0.0,7
2023-07-31,0.5,0.0929,0.407,0.0,7
2023-08-01,0.3,0.0929,0.207,0.0,8
2023-08-02,0.5,0.0929,0.4071,0.0001,8
2023-08-03,0.0,0.0928,-0.0927,-0.0001,8
2023-08-04,0.0,0.0928,-0.0927,-0.0001,8
2023-08-05,0.0,0.0927,-0.0927,-0.0001,8
2023-08-06,0.0,0.0927,-0.0926,-0.0001,8
2023-08-07,0.1,0.0927,0.0072,0.0001,8
2023-08-08,0.0,0.0926,-0.0926,-0.0,8
2023-08-09,0.1,0.0926,0.0072,0.0002,8
2023-08-10,0.0,0.0926,-0.0927,0.0002,8
2023-08-11,0.0,0.0925,-0.0927,0.0002,8
2023-08-12,0.0,0.0925,-0.0925,0.0,8
2023-08-13,0.5,0.0924,0.4073,0.0002,8
2023-08-14,0.3,0.0924,0.2074,0.0002,8
2023-08-15,0.3,0.0924,0.2074,0.0002,8
2023-08-16,0.2,0.0923,0.1076,0.0001,8
2023-08-17,0.3,0.0923,0.2074,0.0003,8
2023-08-18,0.1,0.0922,0.0075,0.0003,8
2023-08-19,0.1,0.0922,0.0075,0.0003,8
2023-08-20,0.1,0.0922,0.0075,0.0003,8
2023-08-21,0.1,0.0921,0.0075,0.0003,8
2023-08-22,0.0,0.0921,-0.0923,0.0002,8
2023-08-23,0.0,0.092,-0.0923,0.0003,8
2023-08-24,0.0,0.092,-0.0924,0.0004,8
2023-08-25,0.0,0.092,-0.0923,0.0003,8
2023-08-26,0.0,0.0919,-0.0922,0.0003,8
2023-08-27,0.2,0.0919,0.1077,0.0004,8
2023-08-28,0.0,0.0918,-0.0922,0.0004,8
2023-08-29,0.0,0.0918,-0.0922,0.0004,8
2023-08-30,0.2,0.0918,0.1078,0.0004,8
2023-08-31,0.4,0.0917,0.3078,0.0005,8
2023-09-01,0.1,0.0917,0.0078,0.0005,9
2023-09-02,0.0,0.0916,-0.0921,0.0005,9
2023-09-03,0.0,0.0916,-0.0921,0.0005,9
2023-09-04,0.0,0.0916,-0.092,0.0005,9
2023-09-05,0.0,0.0915,-0.092,0.0005,9
2023-09-06,0.0,0.0915,-0.092,0.0005,9
2023-09-07,0.0,0.0914,-0.092,0.0005,9
2023-09-08,0.0,0.0914,-0.0919,0.0005,9
2023-09-09,0.0,0.0914,-0.0919,0.0006,9
2023-09-10,0.0,0.0913,-0.0919,0.0006,9
2023-09-11,0.0,0.0913,-0.0919,0.0006,9
2023-09-12,0.0,0.0912,-0.0918,0.0006,9
2023-09-13,0.3,0.0912,0.2082,0.0006,9
2023-09-14,0.3,0.0912,0.2082,0.0006,9
2023-09-15,0.1,0.0911,0.0083,0.0006,9
2023-09-16,0.3,0.0911,0.2083,0.0006,9
2023-09-17,0.3,0.091,0.2083,0.0006,9
2023-09-18,0.3,0.091,0.2084,0.0006,9
2023-09-19,0.3,0.091,0.2084,0.0006,9
2023-09-20,0.2,0.0909,0.1084,0.0006,9
2023-09-21,0.0,0.0909,-0.0915,0.0007,9
2023-09-22,0.0,0.0908,-0.0915,0.0007,9
2023-09-23,0.0,0.0908,-0.0915,0.0007,9
2023-09-24,0.0,0.0908,-0.0914,0.0007,9
2023-09-25,0.1,0.0907,0.0086,0.0007,9
2023-09-26,0.0,0.0907,-0.0914,0.0007,9
2023-09-27,0.1,0.0906,0.0087,0.0007,9
2023-09-28,0.1,0.0906,0.0087,0.0007,9
2023-09-29,0.5,0.0906,0.4087,0.0007,9
2023-09-30,0.1,0.0905,0.0088,0.0007,9
2023-10-01,0.0,0.0905,-0.0912,0.0007,10
2023-10-02,0.0,0.0904,-0.0912,0.0007,10
2023-10-03,0.0,0.0904,-0.0911,0.0007,10
2023-10-04,0.1,0.0904,0.0089,0.0007,10
2023-10-05,0.0,0.0903,-0.0911,0.0008,10
2023-10-06,0.0,0.0903,-0.091,0.0008,10
2023-10-07,0.0,0.0902,-0.091,0.0008,10
2023-10-08,0.0,0.0902,-0.091,0.0008,10
2023-10-09,0.0,0.0902,-0.0909,0.0008,10
2023-10-10,0.0,0.0901,-0.0909,0.0008,10
2023-10-11,0.2,0.0901,0.1091,0.0008,10
2023-10-12,0.0,0.09,-0.0908,0.0008,10
2023-10-13,0.0,0.09,-0.0908,0.0008,10
2023-10-14,0.5,0.0899,0.4092,0.0008,10
2023-10-15,0.3,0.0899,0.2093,0.0008,10
2023-10-16,0.0,0.0899,-0.0907,0.0008,10
2023-10-17,0.0,0.0898,-0.0907,0.0008,10
2023-10-18,0.3,0.0898,0.2094,0.0008,10
2023-10-19,0.0,0.0897,-0.0906,0.0008,10
2023-10-20,0.0,0.0897,-0.0905,0.0008,10
2023-10-21,0.0,0.0897,-0.0905,0.0008,10
2023-10-22,0.0,0.0896,-0.0905,0.0009,10
2023-10-23,0.2,0.0896,0.1096,0.0009,10
2023-10-24,0.1,0.0895,0.0096,0.0009,10
2023-10-25,0.4,0.0895,0.3096,0.0009,10
2023-10-26,0.4,0.0895,0.3097,0.0009,10
2023-10-27,0.2,0.0894,0.1097,0.0009,10
2023-10-28,0.4,0.0894,0.3097,0.0009,10
2023-10-29,0.1,0.0893,0.0098,0.0009,10
2023-10-30,0.4,0.0893,0.3098,0.0009,10
2023-10-31,0.3,0.0893,0.2099,0.0009,10
2023-11-01,0.0,0.0892,-0.0901,0.0009,11
2023-11-02,0.0,0.0892,-0.0901,0.0009,11
2023-11-03,0.1,0.0891,0.01,0.0009,11
2023-11-04,0.0,0.0891,-0.09,0.0009,11
2023-11-05,0.0,0.089,-0.09,0.0009,11
2023-11-06,0.0,0.089,-0.0899,0.0009,11
2023-11-07,0.0,0.089,-0.0899,0.0009,11
2023-11-08,0.0,0.0889,-0.0898,0.0009,11
2023-11-09,0.0,0.0889,-0.0898,0.0009,11
2023-11-10,0.2,0.0888,0.1102,0.0009,11
2023-11-11,0.0,0.0888,-0.0897,0.0009,11
2023-11-12,0.0,0.0888,-0.0897,0.0009,11
2023-11-13,0.0,0.0887,-0.0897,0.0009,11
2023-11-14,0.0,0.0887,-0.0896,0.0009,11
2023-11-15,0.0,0.0886,-0.0896,0.0009,11
2023-11-16,0.3,0.0886,0.2105,0.001,11
2023-11-17,0.0,0.0885,-0.0895,0.001,11
2023-11-18,0.0,0.0885,-0.0895,0.001,11
2023-11-19,0.1,0.0885,0.0106,0.001,11
2023-11-20,0.0,0.0884,-0.0894,0.001,11
2023-11-21,0.2,0.0884,0.1107,0.001,11
2023-11-22,0.0,0.0883,-0.0893,0.001,11
2023-11-23,0.0,0.0883,-0.0893,0.001,11
2023-11-24,0.0,0.0882,-0.0892,0.001,11
2023-11-25,0.0,0.0882,-0.0892,0.001,11
2023-11-26,0.0,0.0882,-0.0891,0.001,11
2023-11-27,0.4,0.0881,0.3109,0.001,11
2023-11-28,0.0,0.0881,-0.0891,0.001,11
2023-11-29,0.0,0.088,-0.089,0.001,11
2023-11-30,0.0,0.088,-0.089,0.001,11
2023-12-01,0.0,0.088,-0.0889,0.001,12
2023-12-02,0.0,0.0879,-0.0889,0.001,12
2023-12-03,0.0,0.0879,-0.0889,0.001,12
2023-12-04,0.0,0.0878,-0.0888,0.001,12
2023-12-05,0.0,0.0878,-0.0888,0.001,12
2023-12-06,0.0,0.0877,-0.0887,0.001,12
2023-12-07,0.0,0.0877,-0.0887,0.001,12
2023-12-08,0.0,0.0877,-0.0887,0.001,12
2023-12-09,0.0,0.0876,-0.0886,0.001,12
2023-12-10,0.3,0.0876,0.2114,0.001,12
2023-12-11,0.2,0.0875,0.1115,0.001,12
2023-12-12,0.0,0.0875,-0.0885,0.001,12
2023-12-13,0.0,0.0874,-0.0885,0.001,12
2023-12-14,0.0,0.0874,-0.0884,0.001,12
2023-12-15,0.3,0.0874,0.2116,0.001,12
2023-12-16,0.1,0.0873,0.0117,0.001,12
2023-12-17,0.0,0.0873,-0.0883,0.001,12
2023-12-18,0.0,0.0872,-0.0882,0.001,12
2023-12-19,0.1,0.0872,0.0118,0.001,12
2023-12-20,0.2,0.0871,0.1118,0.001,12
2023-12-21,0.2,0.0871,0.1119,0.001,12
2023-12-22,0.0,0.0871,-0.0881,0.001,12
2023-12-23,0.0,0.087,-0.088,0.001,12
2023-12-24,0.0,0.087,-0.088,0.001,12
2023-12-25,0.2,0.0869,0.1121,0.001,12
2023-12-26,0.3,0.0869,0.2121,0.001,12
2023-12-27,0.3,0.0868,0.2121,0.001,12
2023-12-28,0.3,0.0868,0.2122,0.001,12
2023-12-29,0.3,0.0867,0.2122,0.001,12
2023-12-30,0.2,0.0867,0.1123,0.001,12
2023-12-31,0.2,0.0867,0.1123,0.001,12
2024-03-01,0.0,0.0866,-0.0876,0.001,3
2024-03-02,0.0,0.0866,-0.0876,0.001,3
2024-03-03,0.1,0.0865,0.0125,0.001,3
2024-03-04,0.0,0.0865,-0.0875,0.001,3
2024-03-05,0.0,0.0864,-0.0875,0.001,3
2024-03-06,0.0,0.0864,-0.0874,0.001,3
2024-03-07,0.0,0.0863,-0.0874,0.001,3
2024-03-08,0.0,0.0863,-0.0873,0.001,3
2024-03-09,0.0,0.0863,-0.0873,0.001,3
2024-03-10,0.0,0.0862,-0.0872,0.001,3
2024-03-11,0.0,0.0862,-0.0872,0.001,3
2024-03-12,0.0,0.0861,-0.0871,0.001,3
2024-03-13,0.0,0.0861,-0.0871,0.001,3
2024-03-14,0.1,0.086,0.013,0.001,3
2024-03-15,0.1,0.086,0.013,0.001,3
2024-03-16,0.0,0.0859,-0.0869,0.001,3
2024-03-17,0.0,0.0859,-0.0869,0.001,3
2024-03-18,0.0,0.0859,-0.0868,0.001,3
2024-03-19,0.0,0.0858,-0.0868,0.001,3
2024-03-20,0.0,0.0858,-0.0867,0.001,3
2024-03-21,0.0,0.0857,-0.0867,0.001,3
2024-03-22,0.0,0.0857,-0.0866,0.001,3
2024-03-23,0.0,0.0856,-0.0866,0.001,3
2024-03-24,0.0,0.0856,-0.0865,0.001,3
2024-03-25,0.0,0.0855,-0.0865,0.001,3
2024-03-26,0.4,0.0855,0.3136,0.001,3
2024-03-27,0.3,0.0854,0.2136,0.001,3
2024-03-28,0.1,0.0854,0.0137,0.001,3
2024-03-29,0.0,0.0853,-0.0863,0.0009,3
2024-03-30,0.2,0.0853,0.1138,0.0009,3
2024-03-31,0.0,0.0852,-0.0862,0.0009,3
2024-04-01,0.0,0.0852,-0.0861,0.0009,4
2024-04-02,0.0,0.0852,-0.0861,0.0009,4
2024-04-03,0.0,0.0851,-0.086,0.0009,4
2024-04-04,0.0,0.0851,-0.086,0.0009,4
2024-04-05,0.0,0.085,-0.0859,0.0009,4
2024-04-06,0.0,0.085,-0.0859,0.0009,4
2024-04-07,0.0,0.0849,-0.0858,0.0009,4
2024-04-08,0.0,0.0849,-0.0858,0.0009,4
2024-04-09,0.3,0.0848,0.2143,0.0009,4
2024-04-10,0.0,0.0848,-0.0857,0.0009,4
2024-04-11,0.0,0.0847,-0.0856,0.0009,4
2024-04-12,0.2,0.0847,0.1145,0.0009,4
2024-04-13,0.2,0.0846,0.1145,0.0009,4
2024-04-14,0.0,0.0846,-0.0854,0.0009,4
2024-04-15,0.0,0.0845,-0.0854,0.0008,4
2024-04-16,0.0,0.0845,-0.0853,0.0008,4
2024-04-17,0.0,0.0844,-0.0852,0.0008,4
2024-04-18,0.0,0.0844,-0.0852,0.0008,4
2024-04-19,0.0,0.0843,-0.0851,0.0008,4
2024-04-20,0.0,0.0843,-0.0851,0.0008,4
2024-04-21,0.0,0.0842,-0.085,0.0008,4
2024-04-22,0.0,0.0842,-0.0849,0.0008,4
2024-04-23,0.0,0.0841,-0.0849,0.0008,4
2024-04-24,0.4,0.0841,0.3152,0.0008,4
2024-04-25,0.0,0.084,-0.0848,0.0008,4
2024-04-26,0.3,0.0839,0.2153,0.0008,4
2024-04-27,0.3,0.0839,0.2154,0.0007,4
2024-04-28,0.0,0.0838,-0.0846,0.0007,4
2024-04-29,0.0,0.0838,-0.0845,0.0007,4
2024-04-30,0.1,0.0837,0.0155,0.0007,4
2024-05-01,0.0,0.0837,-0.0834,-0.0003,5
2024-05-02,0.0,0.0836,-0.0834,-0.0002,5
2024-05-03,0.0,0.0836,-0.0843,0.0007,5
2024-05-04,0.0,0.0835,-0.0833,-0.0002,5
2024-05-05,0.0,0.0835,-0.0833,-0.0002,5
2024-05-06,0.1,0.0834,0.0159,0.0007,5
2024-05-07,0.5,0.0834,0.416,0.0006,5
2024-05-08,0.0,0.0833,-0.084,0.0006,5
2024-05-09,0.1,0.0833,0.0161,0.0006,5
2024-05-10,0.0,0.0832,-0.0838,0.0006,5
2024-05-11,0.0,0.0832,-0.0838,0.0006,5
2024-05-12,0.0,0.0831,-0.0829,-0.0002,5
2024-05-13,0.0,0.0831,-0.0829,-0.0002,5
2024-05-14,0.0,0.083,-0.0828,-0.0002,5
2024-05-15,0.0,0.083,-0.0828,-0.0002,5
2024-05-16,0.0,0.0829,-0.0827,-0.0002,5
2024-05-17,0.0,0.0829,-0.0323,-0.0505,5
2024-05-18,0.0,0.0828,-0.0833,0.0005,5
2024-05-19,0.0,0.0828,-0.0833,0.0005,5
2024-05-20,0.2,0.0827,0.1168,0.0005,5
2024-05-21,0.4,0.0826,0.3169,0.0005,5
2024-05-22,0.4,0.0826,0.3169,0.0005,5
2024-05-23,0.5,0.0825,0.417,0.0005,5
2024-05-24,0.4,0.0825,0.317,0.0005,5
2024-05-25,0.4,0.0824,0.3171,0.0005,5
2024-05-26,0.0,0.0824,-0.032,-0.0504,5
2024-05-27,0.2,0.0823,0.1178,-0.0001,5
2024-05-28,0.0,0.0823,-0.0827,0.0004,5
2024-05-29,0.0,0.0822,-0.0821,-0.0001,5
2024-05-30,0.0,0.0822,-0.0826,0.0004,5
2024-05-31,0.0,0.0821,-0.0317,-0.0504,5
2024-06-01,0.0,0.0821,-0.0317,-0.0504,6
2024-06-02,0.0,0.082,-0.0819,-0.0001,6
2024-06-03,0.0,0.082,-0.0823,0.0004,6
2024-06-04,0.3,0.0819,0.2177,0.0003,6
2024-06-05,0.3,0.0819,0.2182,-0.0001,6
2024-06-06,0.5,0.0818,0.4179,0.0003,6
2024-06-07,0.2,0.0818,0.1179,0.0003,6
2024-06-08,0.1,0.0817,0.018,0.0003,6
2024-06-09,0.0,0.0817,-0.0816,-0.0001,6
2024-06-10,0.2,0.0816,0.1181,0.0003,6
2024-06-11,0.0,0.0816,-0.0815,-0.0001,6
2024-06-12,0.1,0.0815,0.0182,0.0003,6
2024-06-13,0.0,0.0815,-0.0817,0.0002,6
2024-06-14,0.0,0.0814,-0.0311,-0.0503,6
2024-06-15,0.0,0.0814,-0.0813,-0.0001,6
2024-06-16,0.0,0.0813,-0.0815,0.0002,6
2024-06-17,0.0,0.0813,-0.0815,0.0002,6
2024-06-18,0.0,0.0812,-0.0814,0.0002,6
2024-06-19,0.3,0.0812,0.2187,0.0002,6
2024-06-20,0.0,0.0811,-0.081,-0.0001,6
2024-06-21,0.0,0.0811,-0.0809,-0.0001,6
2024-06-22,0.1,0.081,0.0189,0.0001,6
2024-06-23,0.4,0.081,0.3189,0.0001,6
2024-06-24,0.2,0.0809,0.119,0.0001,6
2024-06-25,0.0,0.0808,-0.0306,-0.0502,6
2024-06-26,0.2,0.0808,0.1191,0.0001,6
2024-06-27,0.0,0.0807,-0.0806,-0.0001,6
2024-06-28,0.0,0.0807,-0.0305,-0.0502,6
2024-06-29,0.0,0.0806,-0.0807,0.0001,6
2024-06-30,0.0,0.0806,-0.0806,0.0,6
2024-07-01,0.1,0.0805,0.0194,0.0,7
2024-07-02,0.0,0.0805,-0.0804,-0.0001,7
2024-07-03,0.4,0.0804,0.3195,0.0,7
2024-07-04,0.5,0.0804,0.4196,0.0,7
2024-07-05,0.0,0.0803,-0.0803,-0.0,7
2024-07-06,0.0,0.0803,-0.0803,-0.0,7
2024-07-07,0.1,0.0802,0.0199,-0.0001,7
2024-07-08,0.2,0.0802,0.1199,-0.0,7
2024-07-09,0.3,0.0801,0.2199,-0.0001,7
2024-07-10,0.2,0.0801,0.12,-0.0001,7
2024-07-11,0.0,0.08,-0.0799,-0.0001,7
2024-07-12,0.1,0.08,0.0201,-0.0001,7
2024-07-13,0.0,0.0799,-0.0298,-0.0501,7
2024-07-14,0.0,0.0799,-0.0798,-0.0001,7
2024-07-15,0.0,0.0798,-0.0297,-0.0501,7
2024-07-16,0.0,0.0798,-0.0796,-0.0001,7
2024-07-17,0.0,0.0797,-0.0796,-0.0001,7
2024-07-18,0.0,0.0797,-0.0795,-0.0002,7
2024-07-19,0.0,0.0796,-0.0795,-0.0002,7
2024-07-20,0.1,0.0796,0.0205,-0.0001,7
2024-07-21,0.0,0.0795,-0.0793,-0.0002,7
2024-07-22,0.0,0.0795,-0.0794,-0.0001,7
2024-07-23,0.0,0.0794,-0.0793,-0.0001,7
2024-07-24,0.0,0.0794,-0.0293,-0.05,7
2024-07-25,0.0,0.0793,-0.0792,-0.0001,7
2024-07-26,0.2,0.0793,0.121,-0.0002,7
2024-07-27,0.0,0.0792,-0.0791,-0.0001,7
2024-07-28,0.0,0.0792,-0.0789,-0.0003,7
2024-07-29,0.0,0.0791,-0.0788,-0.0003,7
2024-07-30,0.0,0.0791,-0.0788,-0.0003,7
2024-07-31,0.0,0.079,-0.0787,-0.0003,7
2024-08-01,0.0,0.079,-0.0787,-0.0003,8
2024-08-02,0.0,0.0789,-0.0788,-0.0001,8
2024-08-03,0.4,0.0789,0.3215,-0.0003,8
2024-08-04,0.5,0.0788,0.4215,-0.0003,8
2024-08-05,0.0,0.0788,-0.0784,-0.0004,8
2024-08-06,0.1,0.0787,0.0216,-0.0004,8
2024-08-07,0.2,0.0787,0.1217,-0.0004,8
2024-08-08,0.2,0.0786,0.1218,-0.0004,8
2024-08-09,0.2,0.0786,0.1218,-0.0004,8
2024-08-10,0.1,0.0785,0.0219,-0.0004,8
2024-08-11,0.0,0.0785,-0.0784,-0.0001,8
2024-08-12,0.0,0.0784,-0.0285,-0.0499,8
2024-08-13,0.0,0.0784,-0.0779,-0.0004,8
2024-08-14,0.0,0.0783,-0.0779,-0.0004,8
2024-08-15,0.0,0.0783,-0.0778,-0.0005,8
2024-08-16,0.0,0.0782,-0.0781,-0.0001,8
2024-08-17,0.0,0.0782,-0.0777,-0.0005,8
2024-08-18,0.2,0.0781,0.1224,-0.0005,8
2024-08-19,0.1,0.0781,0.0718,-0.0499,8
2024-08-20,0.0,0.078,-0.0775,-0.0005,8
2024-08-21,0.1,0.0779,0.0221,-0.0001,8
2024-08-22,0.0,0.0779,-0.0281,-0.0498,8
2024-08-23,0.3,0.0778,0.2227,-0.0005,8
2024-08-24,0.3,0.0778,0.2228,-0.0005,8
2024-08-25,0.1,0.0777,0.0228,-0.0006,8
2024-08-26,0.1,0.0777,0.0224,-0.0001,8
2024-08-27,0.0,0.0776,-0.0771,-0.0006,8
2024-08-28,0.0,0.0776,-0.0278,-0.0498,8
2024-08-29,0.0,0.0775,-0.0769,-0.0006,8
2024-08-30,0.0,0.0775,-0.0769,-0.0006,8
2024-08-31,0.0,0.0774,-0.0768,-0.0006,8
2024-09-01,0.1,0.0774,0.0226,-0.0,9
2024-09-02,0.4,0.0773,0.3233,-0.0006,9
2024-09-03,0.0,0.0773,-0.0773,-0.0,9
2024-09-04,0.0,0.0772,-0.0766,-0.0007,9
2024-09-05,0.0,0.0772,-0.0274,-0.0497,9
2024-09-06,0.0,0.0771,-0.0765,-0.0007,9
2024-09-07,0.2,0.0771,0.1229,-0.0,9
2024-09-08,0.2,0.077,0.1237,-0.0007,9
2024-09-09,0.0,0.077,-0.0763,-0.0007,9
2024-09-10,0.1,0.0769,0.0231,0.0,9
2024-09-11,0.0,0.0769,-0.0762,-0.0007,9
2024-09-12,0.0,0.0768,-0.0761,-0.0007,9
2024-09-13,0.0,0.0768,-0.0271,-0.0497,9
2024-09-14,0.0,0.0767,-0.076,-0.0007,9
2024-09-15,0.0,0.0767,-0.0767,0.0,9
2024-09-16,0.0,0.0766,-0.0767,0.0,9
2024-09-17,0.0,0.0766,-0.0758,-0.0008,9
2024-09-18,0.0,0.0765,-0.0757,-0.0008,9
2024-09-19,0.0,0.0765,-0.0757,-0.0008,9
2024-09-20,0.0,0.0764,-0.0268,-0.0496,9
2024-09-21,0.1,0.0764,0.0244,-0.0008,9
2024-09-22,0.0,0.0763,-0.0755,-0.0008,9
2024-09-23,0.0,0.0763,-0.0267,-0.0496,9
2024-09-24,0.0,0.0762,-0.0266,-0.0496,9
2024-09-25,0.0,0.0762,-0.0753,-0.0008,9
2024-09-26,0.0,0.0761,-0.0763,0.0001,9
2024-09-27,0.0,0.0761,-0.0265,-0.0495,9
2024-09-28,0.0,0.076,-0.0751,-0.0009,9
2024-09-29,0.0,0.076,-0.0751,-0.0009,9
2024-09-30,0.0,0.0759,-0.075,-0.0009,9
2024-10-01,0.0,0.0759,-0.0761,0.0002,10
2024-10-02,0.0,0.0758,-0.076,0.0002,10
2024-10-03,0.0,0.0758,-0.076,0.0002,10
2024-10-04,0.0,0.0757,-0.0759,0.0002,10
2024-10-05,0.0,0.0757,-0.0262,-0.0495,10
2024-10-06,0.0,0.0756,-0.0759,0.0003,10
2024-10-07,0.2,0.0756,0.1254,-0.0009,10
2024-10-08,0.2,0.0755,0.1254,-0.0009,10
2024-10-09,0.1,0.0754,0.074,-0.0494,10
2024-10-10,0.0,0.0754,-0.0757,0.0003,10
2024-10-11,0.0,0.0753,-0.0744,-0.001,10
2024-10-12,0.2,0.0753,0.1257,-0.001,10
2024-10-13,0.0,0.0752,-0.0743,-0.001,10
2024-10-14,0.1,0.0752,0.0244,0.0004,10
2024-10-15,0.4,0.0751,0.3258,-0.001,10
2024-10-16,0.5,0.0751,0.4259,-0.001,10
2024-10-17,0.4,0.075,0.326,-0.001,10
2024-10-18,0.0,0.075,-0.0257,-0.0493,10
2024-10-19,0.4,0.0749,0.3261,-0.001,10
2024-10-20,0.0,0.0749,-0.0754,0.0005,10
2024-10-21,0.0,0.0748,-0.0753,0.0005,10
2024-10-22,0.1,0.0748,0.0745,-0.0493,10
2024-10-23,0.0,0.0747,-0.0753,0.0005,10
2024-10-24,0.0,0.0747,-0.0752,0.0006,10
2024-10-25,0.0,0.0746,-0.0736,-0.001,10
2024-10-26,0.0,0.0746,-0.0752,0.0006,10
2024-10-27,0.0,0.0745,-0.0751,0.0006,10
2024-10-28,0.1,0.0745,0.0249,0.0006,10
2024-10-29,0.0,0.0744,-0.0734,-0.0011,10
2024-10-30,0.0,0.0744,-0.0252,-0.0492,10
2024-10-31,0.4,0.0743,0.3268,-0.0011,10
2024-11-01,0.0,0.0743,-0.075,0.0007,11
2024-11-02,0.0,0.0742,-0.075,0.0008,11
2024-11-03,0.0,0.0742,-0.0731,-0.0011,11
2024-11-04,0.0,0.0741,-0.073,-0.0011,11
2024-11-05,0.0,0.0741,-0.073,-0.0011,11
2024-11-06,0.0,0.074,-0.0729,-0.0011,11
2024-11-07,0.0,0.074,-0.0729,-0.0011,11
2024-11-08,0.0,0.0739,-0.0728,-0.0011,11
2024-11-09,0.0,0.0739,-0.0727,-0.0011,11
2024-11-10,0.1,0.0738,0.0273,-0.0011,11
2024-11-11,0.2,0.0738,0.1274,-0.0011,11
2024-11-12,0.2,0.0737,0.1274,-0.0011,11
2024-11-13,0.2,0.0737,0.1275,-0.0011,11
2024-11-14,0.1,0.0736,0.0275,-0.0011,11
2024-11-15,0.1,0.0735,0.0276,-0.0011,11
2024-11-16,0.0,0.0735,-0.0724,-0.0011,11
2024-11-17,0.0,0.0734,-0.0723,-0.0011,11
2024-11-18,0.0,0.0734,-0.0723,-0.0011,11
2024-11-19,0.0,0.0733,-0.0722,-0.0011,11
2024-11-20,0.0,0.0733,-0.0722,-0.0011,11
2024-11-21,0.0,0.0732,-0.0721,-0.0011,11
2024-11-22,0.0,0.0732,-0.0721,-0.0011,11
2024-11-23,0.0,0.0732,-0.072,-0.0011,11
2024-11-24,0.0,0.0731,-0.072,-0.0011,11
2024-11-25,0.0,0.0731,-0.0719,-0.0011,11
2024-11-26,0.1,0.073,0.0281,-0.0011,11
2024-11-27,0.0,0.073,-0.0718,-0.0011,11
2024-11-28,0.0,0.0729,-0.0718,-0.0011,11
2024-11-29,0.0,0.0729,-0.0717,-0.0011,11
2024-11-30,0.1,0.0728,0.0283,-0.0011,11
2024-12-01,0.0,0.0728,-0.0717,-0.0011,12
2024-12-02,0.0,0.0727,-0.0716,-0.0011,12
2024-12-03,0.0,0.0727,-0.0716,-0.0011,12
2024-12-04,0.0,0.0726,-0.0715,-0.0011,12
2024-12-05,0.2,0.0726,0.1285,-0.0011,12
2024-12-06,0.0,0.0726,-0.0714,-0.0011,12
2024-12-07,0.1,0.0725,0.0286,-0.0011,12
2024-12-08,0.0,0.0725,-0.0713,-0.0011,12
2024-12-09,0.0,0.0724,-0.0713,-0.0011,12
2024-12-10,0.0,0.0724,-0.0713,-0.0011,12
2024-12-11,0.0,0.0723,-0.0712,-0.0011,12
2024-12-12,0.0,0.0723,-0.0712,-0.0011,12
2024-12-13,0.0,0.0722,-0.0711,-0.0011,12
2024-12-14,0.0,0.0722,-0.0711,-0.0011,12
2024-12-15,0.2,0.0722,0.129,-0.0011,12
2024-12-16,0.0,0.0721,-0.071,-0.0011,12
2024-12-17,0.0,0.0721,-0.071,-0.0011,12
2024-12-18,0.0,0.072,-0.0709,-0.0011,12
2024-12-19,0.0,0.072,-0.0709,-0.0011,12
2024-12-20,0.0,0.0719,-0.0708,-0.0011,12
2024-12-21,0.0,0.0719,-0.0708,-0.0011,12
2024-12-22,0.0,0.0718,-0.0708,-0.0011,12
2024-12-23,0.0,0.0718,-0.0707,-0.0011,12
2024-12-24,0.0,0.0718,-0.0707,-0.0011,12
2024-12-25,0.0,0.0717,-0.0706,-0.0011,12
2024-12-26,0.0,0.0717,-0.0706,-0.0011,12
2024-12-27,0.0,0.0716,-0.0706,-0.0011,12
2024-12-28,0.0,0.0716,-0.0705,-0.0011,12
2024-12-29,0.2,0.0715,0.1295,-0.0011,12
2024-12-30,0.0,0.0715,-0.0704,-0.0011,12
2024-12-31,0.0,0.0714,-0.0704,-0.0011,12
2025-03-01,0.4,0.0714,0.3296,-0.001,3
2025-03-02,0.3,0.0714,0.2297,-0.001,3
2025-03-03,0.2,0.0713,0.1297,-0.001,3
2025-03-04,0.0,0.0713,-0.0702,-0.001,3
2025-03-05,0.0,0.0712,-0.0702,-0.001,3
2025-03-06,0.0,0.0712,-0.0702,-0.001,3
2025-03-07,0.0,0.0711,-0.0701,-0.001,3
2025-03-08,0.0,0.0711,-0.0701,-0.001,3
2025-03-09,0.0,0.0711,-0.07,-0.001,3
2025-03-10,0.0,0.071,-0.07,-0.001,3
2025-03-11,0.0,0.071,-0.07,-0.001,3
2025-03-12,0.3,0.0709,0.2301,-0.001,3
2025-03-13,0.3,0.0709,0.2301,-0.001,3
2025-03-14,0.0,0.0708,-0.0698,-0.001,3
2025-03-15,0.0,0.0708,-0.0698,-0.001,3
2025-03-16,0.0,0.0707,-0.0698,-0.001,3
2025-03-17,0.0,0.0707,-0.0697,-0.001,3
2025-03-18,0.0,0.0707,-0.0697,-0.001,3
2025-03-19,0.0,0.0706,-0.0697,-0.001,3
2025-03-20,0.0,0.0706,-0.0696,-0.001,3
2025-03-21,0.0,0.0705,-0.0696,-0.001,3
2025-03-22,0.0,0.0705,-0.0695,-0.0009,3
2025-03-23,0.0,0.0705,-0.0695,-0.0009,3
2025-03-24,0.0,0.0704,-0.0695,-0.0009,3
2025-03-25,0.0,0.0704,-0.0694,-0.0009,3
2025-03-26,0.0,0.0703,-0.0694,-0.0009,3
2025-03-27,0.0,0.0703,-0.0694,-0.0009,3
2025-03-28,0.1,0.0702,0.0307,-0.0009,3
2025-03-29,0.0,0.0702,-0.0693,-0.0009,3
2025-03-30,0.0,0.0702,-0.0692,-0.0009,3
2025-03-31,0.0,0.0701,-0.0692,-0.0009,3
2025-04-01,0.3,0.0701,0.2308,-0.0009,4
2025-04-02,0.2,0.07,0.1309,-0.0009,4
2025-04-03,0.1,0.07,0.0309,-0.0009,4
2025-04-04,0.0,0.0699,-0.0691,-0.0009,4
2025-04-05,0.0,0.0699,-0.069,-0.0009,4
2025-04-06,0.0,0.0699,-0.069,-0.0009,4
2025-04-07,0.0,0.0698,-0.069,-0.0009,4
2025-04-08,0.0,0.0698,-0.0689,-0.0009,4
2025-04-09,0.0,0.0697,-0.0689,-0.0008,4
2025-04-10,0.0,0.0697,-0.0688,-0.0008,4
2025-04-11,0.4,0.0696,0.3312,-0.0008,4
2025-04-12,0.0,0.0696,-0.0688,-0.0008,4
2025-04-13,0.0,0.0696,-0.0687,-0.0008,4
2025-04-14,0.0,0.0695,-0.0687,-0.0008,4
2025-04-15,0.0,0.0695,-0.0687,-0.0008,4
2025-04-16,0.2,0.0694,0.1314,-0.0008,4
2025-04-17,0.1,0.0694,0.0314,-0.0008,4
2025-04-18,0.0,0.0694,-0.0686,-0.0008,4
2025-04-19,0.1,0.0693,0.0315,-0.0008,4
2025-04-20,0.0,0.0693,-0.0685,-0.0008,4
2025-04-21,0.0,0.0692,-0.0685,-0.0008,4
2025-04-22,0.0,0.0692,-0.0684,-0.0008,4
2025-04-23,0.0,0.0691,-0.0684,-0.0008,4
2025-04-24,0.1,0.0691,0.0316,-0.0008,4
2025-04-25,0.0,0.0691,-0.0683,-0.0007,4
2025-04-26,0.1,0.069,0.0317,-0.0007,4
2025-04-27,0.0,0.069,-0.0682,-0.0007,4
2025-04-28,0.0,0.0689,-0.0682,-0.0007,4
2025-04-29,0.1,0.0689,0.0318,-0.0007,4
2025-04-30,0.0,0.0689,-0.0681,-0.0007,4
2025-05-01,0.0,0.0688,-0.0681,-0.0007,5
2025-05-02,0.0,0.0688,-0.0681,-0.0007,5
2025-05-03,0.0,0.0687,-0.068,-0.0007,5
2025-05-04,0.0,0.0687,-0.068,-0.0007,5
2025-05-05,0.0,0.0687,-0.068,-0.0007,5
2025-05-06,0.0,0.0686,-0.0679,-0.0007,5
2025-05-07,0.0,0.0686,-0.0679,-0.0007,5
2025-05-08,0.0,0.0685,-0.0679,-0.0007,5
2025-05-09,0.0,0.0685,-0.0678,-0.0007,5
2025-05-10,0.3,0.0684,0.2322,-0.0006,5
2025-05-11,0.3,0.0684,0.2322,-0.0006,5
2025-05-12,0.5,0.0684,0.4323,-0.0006,5
2025-05-13,0.0,0.0683,-0.0677,-0.0006,5
2025-05-14,0.0,0.0683,-0.0677,-0.0006,5
2025-05-15,0.1,0.0682,0.0324,-0.0006,5
2025-05-16,0.1,0.0682,0.0324,-0.0006,5
2025-05-17,0.0,0.0682,-0.0676,-0.0006,5
2025-05-18,0.0,0.0681,-0.0675,-0.0006,5
2025-05-19,0.0,0.0681,-0.0675,-0.0006,5
2025-05-20,0.0,0.068,-0.0675,-0.0006,5
2025-05-21,0.0,0.068,-0.0674,-0.0006,5
2025-05-22,0.2,0.068,0.1326,-0.0006,5
2025-05-23,0.1,0.0679,0.0326,-0.0005,5
2025-05-24,0.0,0.0679,-0.0673,-0.0005,5
2025-05-25,0.0,0.0678,-0.0673,-0.0005,5
2025-05-26,0.0,0.0678,-0.0673,-0.0005,5
2025-05-27,0.0,0.0678,-0.0672,-0.0005,5
2025-05-28,0.4,0.0677,0.3328,-0.0005,5
2025-05-29,0.0,0.0677,-0.0672,-0.0005,5
2025-05-30,0.0,0.0676,-0.0671,-0.0005,5
2025-05-31,0.2,0.0676,0.1329,-0.0005,5
2025-06-01,0.1,0.0675,0.0329,-0.0005,6
2025-06-02,0.0,0.0675,-0.067,-0.0005,6
2025-06-03,0.1,0.0675,0.033,-0.0005,6
2025-06-04,0.0,0.0674,-0.067,-0.0004,6
2025-06-05,0.0,0.0674,-0.067,-0.0004,6
2025-06-06,0.0,0.0673,-0.0669,-0.0004,6
2025-06-07,0.0,0.0673,-0.0669,-0.0004,6
2025-06-08,0.4,0.0673,0.3331,-0.0004,6
2025-06-09,0.5,0.0672,0.4332,-0.0004,6
2025-06-10,0.4,0.0672,0.3332,-0.0004,6
2025-06-11,0.2,0.0671,0.1332,-0.0004,6
2025-06-12,0.0,0.0671,-0.0667,-0.0004,6
2025-06-13,0.0,0.0671,-0.0667,-0.0004,6
2025-06-14,0.3,0.067,0.2333,-0.0004,6
2025-06-15,0.2,0.067,0.1334,-0.0003,6
2025-06-16,0.0,0.0669,-0.0666,-0.0003,6
2025-06-17,0.0,0.0669,-0.0666,-0.0003,6
2025-06-18,0.0,0.0669,-0.0666,-0.0003,6
2025-06-19,0.0,0.0668,-0.0665,-0.0003,6
2025-06-20,0.3,0.0668,0.2335,-0.0003,6
2025-06-21,0.1,0.0667,0.0335,-0.0003,6
2025-06-22,0.2,0.0667,0.1336,-0.0003,6
2025-06-23,0.4,0.0667,0.3336,-0.0003,6
2025-06-24,0.5,0.0666,0.4336,-0.0003,6
2025-06-25,0.1,0.0666,0.0337,-0.0002,6
2025-06-26,0.5,0.0665,0.4337,-0.0002,6
2025-06-27,0.4,0.0665,0.3337,-0.0002,6
2025-06-28,0.0,0.0665,-0.0663,-0.0002,6
2025-06-29,0.0,0.0664,-0.0665,0.0001,6
2025-06-30,0.0,0.0664,-0.0665,0.0001,6
2025-07-01,0.0,0.0663,-0.0662,-0.0002,7
2025-07-02,0.0,0.0663,-0.0664,0.0001,7
2025-07-03,0.0,0.0663,-0.0664,0.0002,7
2025-07-04,0.1,0.0662,0.0339,-0.0001,7
2025-07-05,0.0,0.0662,-0.0661,-0.0001,7
2025-07-06,0.1,0.0661,0.034,-0.0001,7
2025-07-07,0.0,0.0661,-0.066,-0.0001,7
2025-07-08,0.2,0.0661,0.134,-0.0001,7
2025-07-09,0.4,0.066,0.3341,-0.0001,7
2025-07-10,0.0,0.066,-0.0662,0.0002,7
2025-07-11,0.0,0.0659,-0.0662,0.0002,7
2025-07-12,0.0,0.0659,-0.0662,0.0002,7
2025-07-13,0.0,0.0659,-0.0661,0.0003,7
2025-07-14,0.0,0.0658,-0.0661,0.0003,7
2025-07-15,0.1,0.0658,0.0342,-0.0,7
2025-07-16,0.0,0.0658,-0.0658,0.0,7
2025-07-17,0.1,0.0657,0.0343,0.0,7
2025-07-18,0.0,0.0657,-0.0657,0.0,7
2025-07-19,0.0,0.0656,-0.0657,0.0,7
2025-07-20,0.0,0.0656,-0.0656,0.0001,7
2025-07-21,0.0,0.0656,-0.0656,0.0001,7
2025-07-22,0.0,0.0655,-0.0656,0.0001,7
2025-07-23,0.0,0.0655,-0.0656,0.0001,7
2025-07-24,0.1,0.0654,0.0345,0.0001,7
2025-07-25,0.4,0.0654,0.3342,0.0004,7
2025-07-26,0.2,0.0654,0.1345,0.0001,7
2025-07-27,0.0,0.0653,-0.0657,0.0004,7
2025-07-28,0.3,0.0653,0.2346,0.0002,7
2025-07-29,0.1,0.0652,0.0346,0.0002,7
2025-07-30,0.1,0.0652,0.0346,0.0002,7
2025-07-31,0.0,0.0652,-0.0656,0.0004,7
2025-08-01,0.0,0.0651,-0.0653,0.0002,8
2025-08-02,0.0,0.0651,-0.0653,0.0002,8
2025-08-03,0.2,0.065,0.1345,0.0004,8
2025-08-04,0.1,0.065,0.0348,0.0002,8
2025-08-05,0.1,0.065,0.0348,0.0003,8
2025-08-06,0.0,0.0649,-0.0652,0.0003,8
2025-08-07,0.0,0.0649,-0.0653,0.0005,8
2025-08-08,0.2,0.0649,0.1349,0.0003,8
2025-08-09,0.0,0.0648,-0.0653,0.0005,8
2025-08-10,0.1,0.0648,0.0349,0.0003,8
2025-08-11,0.4,0.0647,0.3349,0.0003,8
2025-08-12,0.1,0.0647,0.035,0.0003,8
2025-08-13,0.0,0.0647,-0.0652,0.0005,8
2025-08-14,0.2,0.0646,0.135,0.0004,8
2025-08-15,0.1,0.0646,0.035,0.0004,8
2025-08-16,0.0,0.0645,-0.0649,0.0004,8
2025-08-17,0.0,0.0645,-0.0649,0.0004,8
2025-08-18,0.0,0.0645,-0.065,0.0005,8
2025-08-19,0.0,0.0644,-0.065,0.0005,8
2025-08-20,0.0,0.0644,-0.0648,0.0004,8
2025-08-21,0.3,0.0643,0.2352,0.0005,8
2025-08-22,0.0,0.0643,-0.0648,0.0005,8
2025-08-23,0.1,0.0643,0.0353,0.0005,8
2025-08-24,0.3,0.0642,0.2353,0.0005,8
2025-08-25,0.0,0.0642,-0.0648,0.0006,8
2025-08-26,0.1,0.0642,0.0353,0.0005,8
2025-08-27,0.2,0.0641,0.1354,0.0005,8
2025-08-28,0.2,0.0641,0.1354,0.0005,8
2025-08-29,0.0,0.064,-0.0646,0.0006,8
2025-08-30,0.0,0.064,-0.0646,0.0006,8
2025-08-31,0.0,0.064,-0.0645,0.0006,8
2025-09-01,0.1,0.0639,0.0355,0.0006,9
2025-09-02,0.0,0.0639,-0.0645,0.0006,9
2025-09-03,0.0,0.0638,-0.0645,0.0006,9
2025-09-04,0.0,0.0638,-0.0645,0.0007,9
2025-09-05,0.0,0.0638,-0.0644,0.0006,9
2025-09-06,0.0,0.0637,-0.0644,0.0007,9
2025-09-07,0.2,0.0637,0.1356,0.0007,9
2025-09-08,0.0,0.0637,-0.0644,0.0007,9
2025-09-09,0.0,0.0636,-0.0643,0.0007,9
2025-09-10,0.0,0.0636,-0.0643,0.0007,9
2025-09-11,0.0,0.0635,-0.0643,0.0007,9
2025-09-12,0.1,0.0635,0.0358,0.0007,9
2025-09-13,0.1,0.0635,0.0358,0.0007,9
2025-09-14,0.0,0.0634,-0.0642,0.0007,9
2025-09-15,0.0,0.0634,-0.0642,0.0008,9
2025-09-16,0.0,0.0634,-0.0641,0.0008,9
2025-09-17,0.0,0.0633,-0.0641,0.0008,9
2025-09-18,0.0,0.0633,-0.0641,0.0008,9
2025-09-19,0.0,0.0632,-0.064,0.0008,9
2025-09-20,0.0,0.0632,-0.064,0.0008,9
2025-09-21,0.1,0.0632,0.036,0.0009,9
2025-09-22,0.0,0.0631,-0.0639,0.0008,9
2025-09-23,0.0,0.0631,-0.064,0.0009,9
2025-09-24,0.0,0.063,-0.0639,0.0008,9
2025-09-25,0.2,0.063,0.1361,0.0009,9
2025-09-26,0.2,0.063,0.1361,0.0009,9
2025-09-27,0.2,0.0629,0.1361,0.0009,9
2025-09-28,0.1,0.0629,0.0362,0.0009,9
2025-09-29,0.0,0.0629,-0.0638,0.001,9
2025-09-30,0.0,0.0628,-0.0637,0.0009,9
2025-10-01,0.0,0.0628,-0.0638,0.001,10
2025-10-02,0.1,0.0627,0.0363,0.001,10
2025-10-03,0.3,0.0627,0.2363,0.001,10
2025-10-04,0.1,0.0627,0.0363,0.001,10
2025-10-05,0.5,0.0626,0.4363,0.001,10
2025-10-06,0.3,0.0626,0.2364,0.0011,10
2025-10-07,0.1,0.0626,0.0364,0.0011,10
2025-10-08,0.1,0.0625,0.0364,0.0011,10
2025-10-09,0.0,0.0625,-0.0634,0.0009,10
2025-10-10,0.0,0.0624,-0.0636,0.0011,10
2025-10-11,0.2,0.0624,0.1365,0.0011,10
2025-10-12,0.0,0.0624,-0.0635,0.0011,10
2025-10-13,0.3,0.0623,0.2365,0.0011,10
2025-10-14,0.0,0.0623,-0.0633,0.001,10
2025-10-15,0.1,0.0623,0.0366,0.0012,10
2025-10-16,0.2,0.0622,0.1366,0.0012,10
2025-10-17,0.1,0.0622,0.0366,0.0012,10
2025-10-18,0.4,0.0621,0.3366,0.0012,10
2025-10-19,0.0,0.0621,-0.0631,0.001,10
2025-10-20,0.0,0.0621,-0.0633,0.0012,10
2025-10-21,0.0,0.062,-0.0633,0.0013,10
2025-10-22,0.0,0.062,-0.0633,0.0013,10
2025-10-23,0.0,0.062,-0.0632,0.0013,10
2025-10-24,0.0,0.0619,-0.063,0.0011,10
2025-10-25,0.1,0.0619,0.0368,0.0013,10
2025-10-26,0.0,0.0618,-0.0632,0.0013,10
2025-10-27,0.0,0.0618,-0.0631,0.0013,10
2025-10-28,0.0,0.0618,-0.0631,0.0013,10
2025-10-29,0.0,0.0617,-0.0631,0.0014,10
2025-10-30,0.0,0.0617,-0.0628,0.0011,10
2025-10-31,0.0,0.0617,-0.0631,0.0014,10
2025-11-01,0.0,0.0616,-0.0628,0.0012,11
2025-11-02,0.0,0.0616,-0.063,0.0014,11
2025-11-03,0.0,0.0616,-0.063,0.0014,11
2025-11-04,0.0,0.0615,-0.063,0.0014,11
2025-11-05,0.4,0.0615,0.3373,0.0012,11
2025-11-06,0.5,0.0614,0.4371,0.0015,11
2025-11-07,0.4,0.0614,0.3371,0.0015,11
2025-11-08,0.0,0.0614,-0.0626,0.0012,11
2025-11-09,0.2,0.0613,0.1372,0.0015,11
2025-11-10,0.0,0.0613,-0.0628,0.0015,11
2025-11-11,0.0,0.0613,-0.0628,0.0015,11
2025-11-12,0.1,0.0612,0.0372,0.0016,11
2025-11-13,0.0,0.0612,-0.0625,0.0013,11
2025-11-14,0.0,0.0611,-0.0624,0.0013,11
2025-11-15,0.1,0.0611,0.0373,0.0016,11
2025-11-16,0.1,0.0611,0.0373,0.0016,11
2025-11-17,0.2,0.061,0.1373,0.0016,11
2025-11-18,0.0,0.061,-0.0626,0.0016,11
2025-11-19,0.0,0.061,-0.0626,0.0017,11
2025-11-20,0.2,0.0609,0.1374,0.0017,11
2025-11-21,0.0,0.0609,-0.0626,0.0017,11
2025-11-22,0.1,0.0609,0.0374,0.0017,11
2025-11-23,0.3,0.0608,0.2375,0.0017,11
2025-11-24,0.0,0.0608,-0.0622,0.0014,11
2025-11-25,0.1,0.0607,0.0375,0.0017,11
2025-11-26,0.0,0.0607,-0.0625,0.0018,11
2025-11-27,0.0,0.0607,-0.0624,0.0018,11
2025-11-28,0.0,0.0606,-0.0624,0.0018,11
2025-11-29,0.0,0.0606,-0.0621,0.0015,11
2025-11-30,0.0,0.0606,-0.0621,0.0015,11
2025-12-01,0.0,0.0605,-0.062,0.0015,12
2025-12-02,0.0,0.0605,-0.062,0.0015,12
2025-12-03,0.0,0.0605,-0.0623,0.0019,12
2025-12-04,0.0,0.0604,-0.062,0.0016,12
2025-12-05,0.0,0.0604,-0.0623,0.0019,12
2025-12-06,0.0,0.0603,-0.0622,0.0019,12
2025-12-07,0.3,0.0603,0.2378,0.0019,12
2025-12-08,0.0,0.0603,-0.0619,0.0016,12
2025-12-09,0.0,0.0602,-0.0622,0.0019,12
2025-12-10,0.0,0.0602,-0.0622,0.002,12
2025-12-11,0.0,0.0602,-0.0621,0.002,12
2025-12-12,0.0,0.0601,-0.0618,0.0017,12
2025-12-13,0.2,0.0601,0.1379,0.002,12
2025-12-14,0.0,0.0601,-0.0621,0.002,12
2025-12-15,0.0,0.06,-0.062,0.002,12
2025-12-16,0.0,0.06,-0.062,0.002,12
2025-12-17,0.2,0.0599,0.138,0.0021,12
2025-12-18,0.0,0.0599,-0.0617,0.0018,12
2025-12-19,0.0,0.0599,-0.0617,0.0018,12
2025-12-20,0.3,0.0598,0.2381,0.0021,12
2025-12-21,0.0,0.0598,-0.0617,0.0019,12
2025-12-22,0.0,0.0598,-0.0617,0.0019,12
2025-12-23,0.0,0.0597,-0.0619,0.0021,12
2025-12-24,0.0,0.0597,-0.0616,0.0019,12
2025-12-25,0.0,0.0597,-0.0616,0.002,12
2025-12-26,0.0,0.0596,-0.0616,0.002,12
2025-12-27,0.3,0.0596,0.2382,0.0022,12
2025-12-28,0.0,0.0595,-0.0618,0.0022,12
2025-12-29,0.3,0.0595,0.2383,0.0022,12
2025-12-30,0.0,0.0595,-0.0615,0.0021,12
2025-12-31,0.0,0.0594,-0.0615,0.0021,12
